,Unnamed: 0,gender,race/ethnicity,parental level of education,lunch,test preparation course,math score,reading score,writing score,pass_math,pass_reading,pass_writing,total_score,percentage,status,grades,lable
0,0,0,2,1,1,1,72,72,74,1,1,1,218,73.0,1,B,medium
1,1,0,3,4,1,0,69,90,88,1,1,1,247,83.0,1,A,good
2,2,0,2,3,1,1,90,95,93,1,1,1,278,93.0,1,O,good
3,3,1,1,0,0,1,47,57,44,1,1,1,148,50.0,1,D,bad
4,4,1,3,4,1,1,76,78,75,1,1,1,229,77.0,1,B,good
5,5,0,2,0,1,1,71,83,78,1,1,1,232,78.0,1,B,good
6,6,0,2,4,1,0,88,95,92,1,1,1,275,92.0,1,O,good
7,7,1,2,4,0,1,40,43,39,1,1,0,122,41.0,0,E,bad
8,8,1,4,2,0,0,64,64,67,1,1,1,195,65.0,1,C,medium
9,9,0,2,2,0,1,38,60,50,0,1,1,148,50.0,0,E,bad
10,10,1,3,0,1,1,58,54,52,1,1,1,164,55.0,1,D,bad
11,11,1,4,0,1,1,40,52,43,1,1,1,135,45.0,1,D,bad
12,12,0,2,2,1,1,65,81,73,1,1,1,219,73.0,1,B,medium
13,13,1,1,4,1,0,78,72,70,1,1,1,220,74.0,1,B,medium
14,14,0,1,3,1,1,50,53,58,1,1,1,161,54.0,1,D,bad
15,15,0,3,5,1,1,69,75,78,1,1,1,222,74.0,1,B,medium
16,16,1,3,2,1,1,88,89,86,1,1,1,263,88.0,1,A,good
17,17,0,2,5,0,1,18,32,28,0,0,0,78,26.0,0,E,bad
18,18,1,3,3,0,0,46,42,46,1,1,1,134,45.0,1,D,bad
19,19,0,3,0,0,1,54,58,61,1,1,1,173,58.0,1,D,bad
20,20,1,4,2,1,1,66,69,63,1,1,1,198,66.0,1,C,medium
21,21,0,2,4,0,0,65,75,70,1,1,1,210,70.0,1,B,medium
22,22,1,4,4,1,1,44,54,53,1,1,1,151,51.0,1,D,bad
23,23,0,3,5,1,1,69,73,73,1,1,1,215,72.0,1,B,medium
24,24,1,4,1,0,0,74,71,80,1,1,1,225,75.0,1,B,medium
25,25,1,1,3,0,1,73,74,72,1,1,1,219,73.0,1,B,medium
26,26,1,2,4,1,1,69,54,55,1,1,1,178,60.0,1,C,medium
27,27,0,3,1,1,1,67,69,75,1,1,1,211,71.0,1,B,medium
28,28,1,3,2,1,1,70,70,65,1,1,1,205,69.0,1,C,medium
29,29,0,4,3,1,1,62,70,75,1,1,1,207,69.0,1,C,medium
30,30,0,4,4,1,1,69,74,74,1,1,1,217,73.0,1,B,medium
31,31,0,2,4,1,1,63,65,61,1,1,1,189,63.0,1,C,medium
32,32,0,5,3,0,1,56,72,65,1,1,1,193,65.0,1,C,medium
33,33,1,4,4,1,1,40,42,38,1,1,0,120,40.0,0,E,bad
34,34,1,5,4,1,1,97,87,82,1,1,1,266,89.0,1,A,good
35,35,1,5,0,1,0,81,81,79,1,1,1,241,81.0,1,A,good
36,36,0,4,0,1,1,74,81,83,1,1,1,238,80.0,1,A,good
37,37,0,4,5,0,1,50,64,59,1,1,1,173,58.0,1,D,bad
38,38,0,4,0,0,0,75,90,88,1,1,1,253,85.0,1,A,good
39,39,1,2,0,0,1,57,56,57,1,1,1,170,57.0,1,D,bad
40,40,1,3,0,0,1,55,61,54,1,1,1,170,57.0,1,D,bad
41,41,0,3,0,1,1,58,73,68,1,1,1,199,67.0,1,C,medium
42,42,0,2,0,1,1,53,58,65,1,1,1,176,59.0,1,D,medium
43,43,1,2,4,0,0,59,65,66,1,1,1,190,64.0,1,C,medium
44,44,0,5,0,0,1,50,56,54,1,1,1,160,54.0,1,D,bad
45,45,1,2,0,1,1,65,54,57,1,1,1,176,59.0,1,D,medium
46,46,0,1,0,1,0,55,65,62,1,1,1,182,61.0,1,C,medium
47,47,0,3,2,1,1,66,71,76,1,1,1,213,71.0,1,B,medium
48,48,0,4,0,0,0,57,74,76,1,1,1,207,69.0,1,C,medium
49,49,1,3,2,1,0,82,84,82,1,1,1,248,83.0,1,A,good
50,50,1,5,4,1,1,53,55,48,1,1,1,156,52.0,1,D,bad
51,51,1,5,0,0,0,77,69,68,1,1,1,214,72.0,1,B,medium
52,52,1,3,4,1,1,53,44,42,1,1,1,139,47.0,1,D,bad
53,53,1,4,2,1,1,88,78,75,1,1,1,241,81.0,1,A,good
54,54,0,3,5,0,0,71,84,87,1,1,1,242,81.0,1,A,good
55,55,0,3,2,0,1,33,41,43,0,1,1,117,39.0,0,E,bad
56,56,0,5,0,1,0,82,85,86,1,1,1,253,85.0,1,A,good
57,57,1,4,0,1,1,52,55,49,1,1,1,156,52.0,1,D,bad
58,58,1,4,4,1,0,58,59,58,1,1,1,175,59.0,1,D,medium
59,59,0,3,5,0,1,0,17,10,0,0,0,27,9.0,0,E,bad
60,60,1,5,1,0,0,79,74,72,1,1,1,225,75.0,1,B,medium
61,61,1,1,5,0,1,39,39,34,0,0,0,112,38.0,0,E,bad
62,62,1,1,0,0,1,62,61,55,1,1,1,178,60.0,1,C,medium
63,63,0,3,0,1,1,69,80,71,1,1,1,220,74.0,1,B,medium
64,64,0,4,5,1,1,59,58,59,1,1,1,176,59.0,1,D,medium
65,65,1,2,5,1,1,67,64,61,1,1,1,192,64.0,1,C,medium
66,66,1,4,5,0,1,45,37,37,1,0,0,119,40.0,0,E,bad
67,67,0,3,4,1,1,60,72,74,1,1,1,206,69.0,1,C,medium
68,68,1,2,0,0,1,61,58,56,1,1,1,175,59.0,1,D,medium
69,69,0,3,0,1,1,39,64,57,0,1,1,160,54.0,0,E,bad
70,70,0,4,4,0,0,58,63,73,1,1,1,194,65.0,1,C,medium
71,71,1,4,4,1,0,63,55,63,1,1,1,181,61.0,1,C,medium
72,72,0,1,0,0,1,41,51,48,1,1,1,140,47.0,1,D,bad
73,73,1,3,5,0,1,61,57,56,1,1,1,174,58.0,1,D,bad
74,74,1,3,5,1,1,49,49,41,1,1,1,139,47.0,1,D,bad
75,75,1,2,0,0,1,44,41,38,1,1,0,123,41.0,0,E,bad
76,76,1,5,5,1,1,30,26,22,0,0,0,78,26.0,0,E,bad
77,77,1,1,1,1,0,80,78,81,1,1,1,239,80.0,1,A,good
78,78,0,4,5,1,0,61,74,72,1,1,1,207,69.0,1,C,medium
79,79,0,5,3,1,1,62,68,68,1,1,1,198,66.0,1,C,medium
80,80,0,2,0,1,1,47,49,50,1,1,1,146,49.0,1,D,bad
81,81,1,2,2,0,1,49,45,45,1,1,1,139,47.0,1,D,bad
82,82,1,1,4,0,0,50,47,54,1,1,1,151,51.0,1,D,bad
83,83,1,5,0,1,1,72,64,63,1,1,1,199,67.0,1,C,medium
84,84,1,4,2,0,1,42,39,34,1,0,0,115,39.0,0,E,bad
85,85,0,3,4,1,1,73,80,82,1,1,1,235,79.0,1,B,good
86,86,0,3,4,0,1,76,83,88,1,1,1,247,83.0,1,A,good
87,87,0,4,0,1,1,71,71,74,1,1,1,216,72.0,1,B,medium
88,88,0,1,4,1,1,58,70,67,1,1,1,195,65.0,1,C,medium
89,89,0,4,5,1,1,73,86,82,1,1,1,241,81.0,1,A,good
90,90,0,3,1,1,1,65,72,74,1,1,1,211,71.0,1,B,medium
91,91,1,3,2,0,1,27,34,36,0,0,0,97,33.0,0,E,bad
92,92,1,3,2,1,1,71,79,71,1,1,1,221,74.0,1,B,medium
93,93,1,3,0,0,0,43,45,50,1,1,1,138,46.0,1,D,bad
94,94,0,2,4,1,1,79,86,92,1,1,1,257,86.0,1,A,good
95,95,1,3,0,0,0,78,81,82,1,1,1,241,81.0,1,A,good
96,96,1,2,5,1,0,65,66,62,1,1,1,193,65.0,1,C,medium
97,97,0,5,4,1,0,63,72,70,1,1,1,205,69.0,1,C,medium
98,98,0,4,4,0,1,58,67,62,1,1,1,187,63.0,1,C,medium
99,99,0,4,1,1,1,65,67,62,1,1,1,194,65.0,1,C,medium
100,100,1,2,4,1,1,79,67,67,1,1,1,213,71.0,1,B,medium
101,101,1,4,1,1,0,68,74,74,1,1,1,216,72.0,1,B,medium
102,102,0,4,0,1,1,85,91,89,1,1,1,265,89.0,1,A,good
103,103,1,2,2,1,0,60,44,47,1,1,1,151,51.0,1,D,bad
104,104,1,3,4,1,0,98,86,90,1,1,1,274,92.0,1,O,good
105,105,0,3,4,1,1,58,67,72,1,1,1,197,66.0,1,C,medium
106,106,0,4,3,1,1,87,100,100,1,1,1,287,96.0,1,O,good
107,107,1,5,0,1,0,66,63,64,1,1,1,193,65.0,1,C,medium
108,108,0,2,0,0,1,52,76,70,1,1,1,198,66.0,1,C,medium
109,109,0,2,5,1,1,70,64,72,1,1,1,206,69.0,1,C,medium
110,110,0,4,0,0,0,77,89,98,1,1,1,264,88.0,1,A,good
111,111,1,3,2,1,1,62,55,49,1,1,1,166,56.0,1,D,bad
112,112,1,1,0,1,1,54,53,47,1,1,1,154,52.0,1,D,bad
113,113,0,4,4,1,1,51,58,54,1,1,1,163,55.0,1,D,bad
114,114,0,5,1,1,0,99,100,100,1,1,1,299,100.0,1,O,good
115,115,1,3,2,1,1,84,77,74,1,1,1,235,79.0,1,B,good
116,116,0,2,1,0,1,75,85,82,1,1,1,242,81.0,1,A,good
117,117,0,4,1,1,1,78,82,79,1,1,1,239,80.0,1,A,good
118,118,0,4,5,1,1,51,63,61,1,1,1,175,59.0,1,D,medium
119,119,0,3,4,1,1,55,69,65,1,1,1,189,63.0,1,C,medium
120,120,0,3,1,1,0,79,92,89,1,1,1,260,87.0,1,A,good
121,121,1,2,0,1,0,91,89,92,1,1,1,272,91.0,1,O,good
122,122,0,3,4,1,0,88,93,93,1,1,1,274,92.0,1,O,good
123,123,1,4,2,0,1,63,57,56,1,1,1,176,59.0,1,D,medium
124,124,1,5,4,1,1,83,80,73,1,1,1,236,79.0,1,B,good
125,125,0,2,2,1,1,87,95,86,1,1,1,268,90.0,1,O,good
126,126,1,2,5,1,1,72,68,67,1,1,1,207,69.0,1,C,medium
127,127,1,4,4,1,0,65,77,74,1,1,1,216,72.0,1,B,medium
128,128,1,4,3,1,1,82,82,74,1,1,1,238,80.0,1,A,good
129,129,0,1,1,1,1,51,49,51,1,1,1,151,51.0,1,D,bad
130,130,1,4,3,1,1,89,84,82,1,1,1,255,85.0,1,A,good
131,131,1,3,5,0,0,53,37,40,1,0,1,130,44.0,0,E,bad
132,132,1,5,4,0,0,87,74,70,1,1,1,231,77.0,1,B,good
133,133,0,3,4,1,0,75,81,84,1,1,1,240,80.0,1,A,good
134,134,1,4,1,0,0,74,79,75,1,1,1,228,76.0,1,B,good
135,135,1,3,1,1,1,58,55,48,1,1,1,161,54.0,1,D,bad
136,136,1,2,5,1,0,51,54,41,1,1,1,146,49.0,1,D,bad
137,137,1,5,2,1,1,70,55,56,1,1,1,181,61.0,1,C,medium
138,138,0,3,0,1,1,59,66,67,1,1,1,192,64.0,1,C,medium
139,139,1,4,4,1,0,71,61,69,1,1,1,201,67.0,1,C,medium
140,140,0,4,5,1,1,76,72,71,1,1,1,219,73.0,1,B,medium
141,141,0,3,4,0,1,59,62,64,1,1,1,185,62.0,1,C,medium
142,142,0,5,4,0,0,42,55,54,1,1,1,151,51.0,1,D,bad
143,143,1,1,2,1,1,57,43,47,1,1,1,147,49.0,1,D,bad
144,144,1,4,4,1,1,88,73,78,1,1,1,239,80.0,1,A,good
145,145,0,3,4,0,1,22,39,33,0,0,0,94,32.0,0,E,bad
146,146,1,2,5,1,1,88,84,75,1,1,1,247,83.0,1,A,good
147,147,1,3,0,0,1,73,68,66,1,1,1,207,69.0,1,C,medium
148,148,0,4,1,1,0,68,75,81,1,1,1,224,75.0,1,B,medium
149,149,1,5,0,0,0,100,100,93,1,1,1,293,98.0,1,O,good
150,150,1,1,5,1,0,62,67,69,1,1,1,198,66.0,1,C,medium
151,151,1,1,1,1,1,77,67,68,1,1,1,212,71.0,1,B,medium
152,152,0,2,0,1,0,59,70,66,1,1,1,195,65.0,1,C,medium
153,153,1,4,1,1,1,54,49,47,1,1,1,150,50.0,1,D,bad
154,154,1,4,5,1,1,62,67,61,1,1,1,190,64.0,1,C,medium
155,155,0,3,4,1,0,70,89,88,1,1,1,247,83.0,1,A,good
156,156,0,5,2,0,0,66,74,78,1,1,1,218,73.0,1,B,medium
157,157,1,2,4,0,1,60,60,60,1,1,1,180,60.0,1,C,medium
158,158,0,2,0,1,0,61,86,87,1,1,1,234,78.0,1,B,good
159,159,1,4,0,0,1,66,62,64,1,1,1,192,64.0,1,C,medium
160,160,1,2,0,0,0,82,78,74,1,1,1,234,78.0,1,B,good
161,161,0,5,4,0,0,75,88,85,1,1,1,248,83.0,1,A,good
162,162,1,2,3,0,1,49,53,52,1,1,1,154,52.0,1,D,bad
163,163,1,3,2,1,1,52,53,49,1,1,1,154,52.0,1,D,bad
164,164,0,5,3,1,1,81,92,91,1,1,1,264,88.0,1,A,good
165,165,0,3,1,1,0,96,100,100,1,1,1,296,99.0,1,O,good
166,166,1,3,2,0,0,53,51,51,1,1,1,155,52.0,1,D,bad
167,167,0,2,3,0,0,58,76,78,1,1,1,212,71.0,1,B,medium
168,168,0,2,2,1,0,68,83,78,1,1,1,229,77.0,1,B,good
169,169,0,3,4,0,0,67,75,70,1,1,1,212,71.0,1,B,medium
170,170,1,1,2,1,0,72,73,74,1,1,1,219,73.0,1,B,medium
171,171,1,5,5,1,1,94,88,78,1,1,1,260,87.0,1,A,good
172,172,0,4,4,1,1,79,86,81,1,1,1,246,82.0,1,A,good
173,173,0,3,0,1,1,63,67,70,1,1,1,200,67.0,1,C,medium
174,174,0,3,1,0,0,43,51,54,1,1,1,148,50.0,1,D,bad
175,175,0,3,3,1,0,81,91,87,1,1,1,259,87.0,1,A,good
176,176,0,2,2,0,0,46,54,58,1,1,1,158,53.0,1,D,bad
177,177,0,3,0,1,0,71,77,77,1,1,1,225,75.0,1,B,medium
178,178,0,2,3,0,0,52,70,62,1,1,1,184,62.0,1,C,medium
179,179,0,4,5,1,0,97,100,100,1,1,1,297,99.0,1,O,good
180,180,1,3,3,0,0,62,68,75,1,1,1,205,69.0,1,C,medium
181,181,0,3,4,0,1,46,64,66,1,1,1,176,59.0,1,D,medium
182,182,0,5,2,1,1,50,50,47,1,1,1,147,49.0,1,D,bad
183,183,0,4,0,1,1,65,69,70,1,1,1,204,68.0,1,C,medium
184,184,1,3,5,0,0,45,52,49,1,1,1,146,49.0,1,D,bad
185,185,1,3,0,0,0,65,67,65,1,1,1,197,66.0,1,C,medium
186,186,1,5,2,1,1,80,76,65,1,1,1,221,74.0,1,B,medium
187,187,1,4,5,1,0,62,66,68,1,1,1,196,66.0,1,C,medium
188,188,1,2,5,0,1,48,52,45,1,1,1,145,49.0,1,D,bad
189,189,0,3,1,1,1,77,88,87,1,1,1,252,84.0,1,A,good
190,190,0,5,0,1,1,66,65,69,1,1,1,200,67.0,1,C,medium
191,191,1,4,4,1,0,76,83,79,1,1,1,238,80.0,1,A,good
192,192,0,2,5,1,1,62,64,66,1,1,1,192,64.0,1,C,medium
193,193,1,4,4,1,0,77,62,62,1,1,1,201,67.0,1,C,medium
194,194,0,3,3,1,0,69,84,85,1,1,1,238,80.0,1,A,good
195,195,1,4,0,1,1,61,55,52,1,1,1,168,56.0,1,D,bad
196,196,1,3,5,0,0,59,69,65,1,1,1,193,65.0,1,C,medium
197,197,1,5,2,0,1,55,56,51,1,1,1,162,54.0,1,D,bad
198,198,0,2,4,0,1,45,53,55,1,1,1,153,51.0,1,D,bad
199,199,0,2,1,0,1,78,79,76,1,1,1,233,78.0,1,B,good
200,200,0,3,0,1,0,67,84,86,1,1,1,237,79.0,1,B,good
201,201,0,4,4,0,1,65,81,77,1,1,1,223,75.0,1,B,medium
202,202,1,3,0,1,1,69,77,69,1,1,1,215,72.0,1,B,medium
203,203,0,2,0,1,1,57,69,68,1,1,1,194,65.0,1,C,medium
204,204,1,3,4,1,1,59,41,42,1,1,1,142,48.0,1,D,bad
205,205,1,4,5,1,0,74,71,78,1,1,1,223,75.0,1,B,medium
206,206,1,5,1,1,1,82,62,62,1,1,1,206,69.0,1,C,medium
207,207,1,5,2,1,0,81,80,76,1,1,1,237,79.0,1,B,good
208,208,0,2,4,0,1,74,81,76,1,1,1,231,77.0,1,B,good
209,209,0,2,4,0,1,58,61,66,1,1,1,185,62.0,1,C,medium
210,210,1,4,5,0,0,80,79,79,1,1,1,238,80.0,1,A,good
211,211,1,3,4,0,1,35,28,27,0,0,0,90,30.0,0,E,bad
212,212,0,3,2,0,1,42,62,60,1,1,1,164,55.0,1,D,bad
213,213,1,3,0,0,0,60,51,56,1,1,1,167,56.0,1,D,bad
214,214,1,5,2,1,0,87,91,81,1,1,1,259,87.0,1,A,good
215,215,1,2,5,1,0,84,83,75,1,1,1,242,81.0,1,A,good
216,216,0,5,0,0,0,83,86,88,1,1,1,257,86.0,1,A,good
217,217,0,3,2,0,1,34,42,39,0,1,0,115,39.0,0,E,bad
218,218,1,2,2,0,1,66,77,70,1,1,1,213,71.0,1,B,medium
219,219,1,2,5,1,0,61,56,56,1,1,1,173,58.0,1,D,bad
220,220,0,4,2,1,0,56,68,74,1,1,1,198,66.0,1,C,medium
221,221,1,2,0,1,1,87,85,73,1,1,1,245,82.0,1,A,good
222,222,0,3,5,0,1,55,65,62,1,1,1,182,61.0,1,C,medium
223,223,1,4,5,1,1,86,80,75,1,1,1,241,81.0,1,A,good
224,224,0,2,0,1,0,52,66,73,1,1,1,191,64.0,1,C,medium
225,225,0,5,3,0,1,45,56,54,1,1,1,155,52.0,1,D,bad
226,226,0,3,4,1,1,72,72,71,1,1,1,215,72.0,1,B,medium
227,227,1,4,2,1,1,57,50,54,1,1,1,161,54.0,1,D,bad
228,228,1,1,5,0,1,68,72,64,1,1,1,204,68.0,1,C,medium
229,229,0,3,4,1,0,88,95,94,1,1,1,277,93.0,1,O,good
230,230,1,4,4,1,1,76,64,66,1,1,1,206,69.0,1,C,medium
231,231,1,3,0,1,1,46,43,42,1,1,1,131,44.0,1,D,bad
232,232,0,2,1,1,1,67,86,83,1,1,1,236,79.0,1,B,good
233,233,1,5,5,1,1,92,87,78,1,1,1,257,86.0,1,A,good
234,234,1,3,1,1,0,83,82,84,1,1,1,249,83.0,1,A,good
235,235,1,4,0,1,1,80,75,77,1,1,1,232,78.0,1,B,good
236,236,1,4,1,0,1,63,66,67,1,1,1,196,66.0,1,C,medium
237,237,0,4,5,1,0,64,60,74,1,1,1,198,66.0,1,C,medium
238,238,1,2,4,1,1,54,52,51,1,1,1,157,53.0,1,D,bad
239,239,1,3,0,1,1,84,80,80,1,1,1,244,82.0,1,A,good
240,240,1,4,2,0,0,73,68,66,1,1,1,207,69.0,1,C,medium
241,241,0,5,1,1,1,80,83,83,1,1,1,246,82.0,1,A,good
242,242,0,4,2,1,1,56,52,55,1,1,1,163,55.0,1,D,bad
243,243,1,5,4,1,1,59,51,43,1,1,1,153,51.0,1,D,bad
244,244,1,4,5,1,1,75,74,69,1,1,1,218,73.0,1,B,medium
245,245,1,3,0,1,1,85,76,71,1,1,1,232,78.0,1,B,good
246,246,1,5,0,1,1,89,76,74,1,1,1,239,80.0,1,A,good
247,247,0,2,2,1,0,58,70,68,1,1,1,196,66.0,1,C,medium
248,248,0,2,2,1,1,65,64,62,1,1,1,191,64.0,1,C,medium
249,249,1,3,2,1,1,68,60,53,1,1,1,181,61.0,1,C,medium
250,250,1,1,5,1,0,47,49,49,1,1,1,145,49.0,1,D,bad
251,251,0,4,4,0,1,71,83,83,1,1,1,237,79.0,1,B,good
252,252,0,2,5,1,0,60,70,70,1,1,1,200,67.0,1,C,medium
253,253,1,4,3,1,1,80,80,72,1,1,1,232,78.0,1,B,good
254,254,1,4,2,1,1,54,52,52,1,1,1,158,53.0,1,D,bad
255,255,0,5,4,1,1,62,73,70,1,1,1,205,69.0,1,C,medium
256,256,0,3,0,0,1,64,73,68,1,1,1,205,69.0,1,C,medium
257,257,1,3,0,1,0,78,77,77,1,1,1,232,78.0,1,B,good
258,258,0,2,4,1,1,70,75,78,1,1,1,223,75.0,1,B,medium
259,259,0,3,3,0,0,65,81,81,1,1,1,227,76.0,1,B,good
260,260,0,3,5,0,0,64,79,77,1,1,1,220,74.0,1,B,medium
261,261,1,3,4,1,0,79,79,78,1,1,1,236,79.0,1,B,good
262,262,0,3,5,0,1,44,50,51,1,1,1,145,49.0,1,D,bad
263,263,0,5,2,1,1,99,93,90,1,1,1,282,94.0,1,O,good
264,264,1,4,2,1,1,76,73,68,1,1,1,217,73.0,1,B,medium
265,265,1,4,5,0,1,59,42,41,1,1,1,142,48.0,1,D,bad
266,266,0,3,1,1,1,63,75,81,1,1,1,219,73.0,1,B,medium
267,267,0,4,2,1,1,69,72,77,1,1,1,218,73.0,1,B,medium
268,268,0,4,0,1,0,88,92,95,1,1,1,275,92.0,1,O,good
269,269,0,5,4,0,1,71,76,70,1,1,1,217,73.0,1,B,medium
270,270,1,3,1,1,1,69,63,61,1,1,1,193,65.0,1,C,medium
271,271,1,3,4,1,1,58,49,42,1,1,1,149,50.0,1,D,bad
272,272,0,4,0,0,1,47,53,58,1,1,1,158,53.0,1,D,bad
273,273,0,4,4,1,1,65,70,71,1,1,1,206,69.0,1,C,medium
274,274,1,2,4,1,0,88,85,76,1,1,1,249,83.0,1,A,good
275,275,1,3,1,1,1,83,78,73,1,1,1,234,78.0,1,B,good
276,276,0,3,5,1,0,85,92,93,1,1,1,270,90.0,1,O,good
277,277,0,5,2,1,0,59,63,75,1,1,1,197,66.0,1,C,medium
278,278,0,3,5,0,1,65,86,80,1,1,1,231,77.0,1,B,good
279,279,1,2,1,0,1,73,56,57,1,1,1,186,62.0,1,C,medium
280,280,1,4,2,1,1,53,52,42,1,1,1,147,49.0,1,D,bad
281,281,1,4,2,1,1,45,48,46,1,1,1,139,47.0,1,D,bad
282,282,0,4,1,0,1,73,79,84,1,1,1,236,79.0,1,B,good
283,283,0,4,4,0,0,70,78,78,1,1,1,226,76.0,1,B,good
284,284,0,2,5,1,1,37,46,46,0,1,1,129,43.0,0,E,bad
285,285,1,2,0,1,0,81,82,82,1,1,1,245,82.0,1,A,good
286,286,1,5,0,1,0,97,82,88,1,1,1,267,89.0,1,A,good
287,287,0,2,5,1,1,67,89,82,1,1,1,238,80.0,1,A,good
288,288,1,2,1,0,1,88,75,76,1,1,1,239,80.0,1,A,good
289,289,1,5,5,1,0,77,76,77,1,1,1,230,77.0,1,B,good
290,290,1,3,0,1,1,76,70,68,1,1,1,214,72.0,1,B,medium
291,291,1,4,5,1,1,86,73,70,1,1,1,229,77.0,1,B,good
292,292,1,3,5,1,0,63,60,57,1,1,1,180,60.0,1,C,medium
293,293,0,5,1,1,1,65,73,75,1,1,1,213,71.0,1,B,medium
294,294,1,4,2,0,0,78,77,80,1,1,1,235,79.0,1,B,good
295,295,1,2,0,0,1,67,62,60,1,1,1,189,63.0,1,C,medium
296,296,1,1,5,1,0,46,41,43,1,1,1,130,44.0,1,D,bad
297,297,1,5,0,1,0,71,74,68,1,1,1,213,71.0,1,B,medium
298,298,1,3,2,0,0,40,46,50,1,1,1,136,46.0,1,D,bad
299,299,1,4,0,0,1,90,87,75,1,1,1,252,84.0,1,A,good
300,300,1,1,4,0,0,81,78,81,1,1,1,240,80.0,1,A,good
301,301,1,4,5,0,1,56,54,52,1,1,1,162,54.0,1,D,bad
302,302,0,3,0,1,0,67,84,81,1,1,1,232,78.0,1,B,good
303,303,1,2,0,1,1,80,76,64,1,1,1,220,74.0,1,B,medium
304,304,0,3,0,1,0,74,75,83,1,1,1,232,78.0,1,B,good
305,305,1,1,4,1,1,69,67,69,1,1,1,205,69.0,1,C,medium
306,306,1,5,4,1,0,99,87,81,1,1,1,267,89.0,1,A,good
307,307,1,3,5,1,1,51,52,44,1,1,1,147,49.0,1,D,bad
308,308,0,2,0,0,1,53,71,67,1,1,1,191,64.0,1,C,medium
309,309,0,4,2,0,1,49,57,52,1,1,1,158,53.0,1,D,bad
310,310,0,2,0,1,1,73,76,80,1,1,1,229,77.0,1,B,good
311,311,1,2,1,1,1,66,60,57,1,1,1,183,61.0,1,C,medium
312,312,1,4,1,1,0,67,61,68,1,1,1,196,66.0,1,C,medium
313,313,0,3,0,0,0,68,67,69,1,1,1,204,68.0,1,C,medium
314,314,0,3,1,1,0,59,64,75,1,1,1,198,66.0,1,C,medium
315,315,1,3,2,1,1,71,66,65,1,1,1,202,68.0,1,C,medium
316,316,0,4,3,1,0,77,82,91,1,1,1,250,84.0,1,A,good
317,317,1,3,0,1,1,83,72,78,1,1,1,233,78.0,1,B,good
318,318,1,2,1,1,1,63,71,69,1,1,1,203,68.0,1,C,medium
319,319,0,4,0,0,1,56,65,63,1,1,1,184,62.0,1,C,medium
320,320,0,3,2,0,0,67,79,84,1,1,1,230,77.0,1,B,good
321,321,0,5,2,1,1,75,86,79,1,1,1,240,80.0,1,A,good
322,322,0,3,4,1,1,71,81,80,1,1,1,232,78.0,1,B,good
323,323,0,3,5,0,1,43,53,53,1,1,1,149,50.0,1,D,bad
324,324,0,3,2,0,1,41,46,43,1,1,1,130,44.0,1,D,bad
325,325,0,3,4,1,1,82,90,94,1,1,1,266,89.0,1,A,good
326,326,1,3,4,1,1,61,61,62,1,1,1,184,62.0,1,C,medium
327,327,1,1,4,0,1,28,23,19,0,0,0,70,24.0,0,E,bad
328,328,1,3,0,1,0,82,75,77,1,1,1,234,78.0,1,B,good
329,329,0,2,5,1,1,41,55,51,1,1,1,147,49.0,1,D,bad
330,330,1,3,2,1,1,71,60,61,1,1,1,192,64.0,1,C,medium
331,331,1,3,0,1,1,47,37,35,1,0,0,119,40.0,0,E,bad
332,332,1,5,0,1,0,62,56,53,1,1,1,171,57.0,1,D,bad
333,333,1,2,0,1,1,90,78,81,1,1,1,249,83.0,1,A,good
334,334,0,3,1,1,1,83,93,95,1,1,1,271,91.0,1,O,good
335,335,0,2,4,0,1,61,68,66,1,1,1,195,65.0,1,C,medium
336,336,1,4,5,1,0,76,70,69,1,1,1,215,72.0,1,B,medium
337,337,1,3,0,1,1,49,51,43,1,1,1,143,48.0,1,D,bad
338,338,0,2,5,0,1,24,38,27,0,0,0,89,30.0,0,E,bad
339,339,0,4,5,0,0,35,55,60,0,1,1,150,50.0,0,E,bad
340,340,1,3,2,0,1,58,61,52,1,1,1,171,57.0,1,D,bad
341,341,0,3,2,1,1,61,73,63,1,1,1,197,66.0,1,C,medium
342,342,0,2,2,1,0,69,76,74,1,1,1,219,73.0,1,B,medium
343,343,1,4,0,1,0,67,72,67,1,1,1,206,69.0,1,C,medium
344,344,1,4,4,1,1,79,73,67,1,1,1,219,73.0,1,B,medium
345,345,0,3,2,1,1,72,80,75,1,1,1,227,76.0,1,B,good
346,346,1,2,4,1,1,62,61,57,1,1,1,180,60.0,1,C,medium
347,347,0,3,1,1,0,77,94,95,1,1,1,266,89.0,1,A,good
348,348,1,4,2,0,1,75,74,66,1,1,1,215,72.0,1,B,medium
349,349,1,5,0,1,1,87,74,76,1,1,1,237,79.0,1,B,good
350,350,0,2,1,1,1,52,65,69,1,1,1,186,62.0,1,C,medium
351,351,1,5,4,1,1,66,57,52,1,1,1,175,59.0,1,D,medium
352,352,0,3,4,1,0,63,78,80,1,1,1,221,74.0,1,B,medium
353,353,0,3,0,1,1,46,58,57,1,1,1,161,54.0,1,D,bad
354,354,0,3,4,1,1,59,71,70,1,1,1,200,67.0,1,C,medium
355,355,0,2,1,1,1,61,72,70,1,1,1,203,68.0,1,C,medium
356,356,1,1,0,1,1,63,61,61,1,1,1,185,62.0,1,C,medium
357,357,0,3,4,0,0,42,66,69,1,1,1,177,59.0,1,D,medium
358,358,1,4,4,0,1,59,62,61,1,1,1,182,61.0,1,C,medium
359,359,0,4,4,1,1,80,90,89,1,1,1,259,87.0,1,A,good
360,360,0,2,2,1,1,58,62,59,1,1,1,179,60.0,1,C,medium
361,361,1,2,5,1,0,85,84,78,1,1,1,247,83.0,1,A,good
362,362,0,3,4,1,1,52,58,58,1,1,1,168,56.0,1,D,bad
363,363,0,4,5,0,1,27,34,32,0,0,0,93,31.0,0,E,bad
364,364,1,3,4,1,1,59,60,58,1,1,1,177,59.0,1,D,medium
365,365,1,1,1,0,0,49,58,60,1,1,1,167,56.0,1,D,bad
366,366,1,3,2,1,0,69,58,53,1,1,1,180,60.0,1,C,medium
367,367,1,3,1,0,1,61,66,61,1,1,1,188,63.0,1,C,medium
368,368,0,1,5,0,1,44,64,58,1,1,1,166,56.0,1,D,bad
369,369,0,4,5,1,1,73,84,85,1,1,1,242,81.0,1,A,good
370,370,1,5,4,1,1,84,77,71,1,1,1,232,78.0,1,B,good
371,371,0,3,4,0,0,45,73,70,1,1,1,188,63.0,1,C,medium
372,372,1,4,5,1,1,74,74,72,1,1,1,220,74.0,1,B,medium
373,373,0,4,4,1,0,82,97,96,1,1,1,275,92.0,1,O,good
374,374,0,4,1,1,1,59,70,73,1,1,1,202,68.0,1,C,medium
375,375,1,5,0,0,1,46,43,41,1,1,1,130,44.0,1,D,bad
376,376,0,4,5,1,1,80,90,82,1,1,1,252,84.0,1,A,good
377,377,0,4,3,0,0,85,95,100,1,1,1,280,94.0,1,O,good
378,378,0,1,5,1,1,71,83,77,1,1,1,231,77.0,1,B,good
379,379,1,1,1,1,1,66,64,62,1,1,1,192,64.0,1,C,medium
380,380,0,2,0,1,1,80,86,83,1,1,1,249,83.0,1,A,good
381,381,1,3,0,1,0,87,100,95,1,1,1,282,94.0,1,O,good
382,382,1,3,3,0,1,79,81,71,1,1,1,231,77.0,1,B,good
383,383,0,5,5,0,1,38,49,45,0,1,1,132,44.0,0,E,bad
384,384,0,1,5,0,1,38,43,43,0,1,1,124,42.0,0,E,bad
385,385,0,5,4,1,1,67,76,75,1,1,1,218,73.0,1,B,medium
386,386,0,5,1,1,1,64,73,70,1,1,1,207,69.0,1,C,medium
387,387,0,3,0,0,1,57,78,67,1,1,1,202,68.0,1,C,medium
388,388,0,4,2,1,1,62,64,64,1,1,1,190,64.0,1,C,medium
389,389,1,4,3,1,1,73,70,75,1,1,1,218,73.0,1,B,medium
390,390,1,5,5,0,0,73,67,59,1,1,1,199,67.0,1,C,medium
391,391,0,4,4,1,1,77,68,77,1,1,1,222,74.0,1,B,medium
392,392,1,5,4,1,1,76,67,67,1,1,1,210,70.0,1,B,medium
393,393,1,3,0,1,0,57,54,56,1,1,1,167,56.0,1,D,bad
394,394,0,3,5,1,0,65,74,77,1,1,1,216,72.0,1,B,medium
395,395,1,1,2,0,1,48,45,41,1,1,1,134,45.0,1,D,bad
396,396,0,2,2,0,1,50,67,63,1,1,1,180,60.0,1,C,medium
397,397,0,3,0,1,1,85,89,95,1,1,1,269,90.0,1,O,good
398,398,1,2,5,1,1,74,63,57,1,1,1,194,65.0,1,C,medium
399,399,1,4,5,1,1,60,59,54,1,1,1,173,58.0,1,D,bad
400,400,0,3,5,1,0,59,54,67,1,1,1,180,60.0,1,C,medium
401,401,1,1,4,1,1,53,43,43,1,1,1,139,47.0,1,D,bad
402,402,0,1,4,0,1,49,65,55,1,1,1,169,57.0,1,D,bad
403,403,0,4,2,1,0,88,99,100,1,1,1,287,96.0,1,O,good
404,404,0,3,2,1,1,54,59,62,1,1,1,175,59.0,1,D,medium
405,405,0,3,5,1,1,63,73,68,1,1,1,204,68.0,1,C,medium
406,406,1,2,0,1,0,65,65,63,1,1,1,193,65.0,1,C,medium
407,407,0,2,0,1,1,82,80,77,1,1,1,239,80.0,1,A,good
408,408,0,4,2,0,0,52,57,56,1,1,1,165,55.0,1,D,bad
409,409,1,4,0,1,0,87,84,85,1,1,1,256,86.0,1,A,good
410,410,0,4,3,1,0,70,71,74,1,1,1,215,72.0,1,B,medium
411,411,1,5,4,1,0,84,83,78,1,1,1,245,82.0,1,A,good
412,412,1,4,0,1,1,71,66,60,1,1,1,197,66.0,1,C,medium
413,413,1,2,5,1,0,63,67,67,1,1,1,197,66.0,1,C,medium
414,414,0,3,1,0,0,51,72,79,1,1,1,202,68.0,1,C,medium
415,415,1,5,2,1,1,84,73,69,1,1,1,226,76.0,1,B,good
416,416,1,3,1,1,0,71,74,68,1,1,1,213,71.0,1,B,medium
417,417,1,3,0,1,1,74,73,67,1,1,1,214,72.0,1,B,medium
418,418,1,4,4,1,1,68,59,62,1,1,1,189,63.0,1,C,medium
419,419,1,5,2,0,0,57,56,54,1,1,1,167,56.0,1,D,bad
420,420,0,3,0,0,0,82,93,93,1,1,1,268,90.0,1,O,good
421,421,0,4,2,1,0,57,58,64,1,1,1,179,60.0,1,C,medium
422,422,0,4,3,0,0,47,58,67,1,1,1,172,58.0,1,D,bad
423,423,0,1,5,1,0,59,85,80,1,1,1,224,75.0,1,B,medium
424,424,1,2,4,0,1,41,39,34,1,0,0,114,38.0,0,E,bad
425,425,0,3,4,0,1,62,67,62,1,1,1,191,64.0,1,C,medium
426,426,1,3,1,1,1,86,83,86,1,1,1,255,85.0,1,A,good
427,427,1,3,5,0,1,69,71,65,1,1,1,205,69.0,1,C,medium
428,428,1,1,5,0,1,65,59,53,1,1,1,177,59.0,1,D,medium
429,429,1,3,5,0,1,68,63,54,1,1,1,185,62.0,1,C,medium
430,430,1,3,0,0,1,64,66,59,1,1,1,189,63.0,1,C,medium
431,431,0,3,2,1,1,61,72,70,1,1,1,203,68.0,1,C,medium
432,432,1,3,2,1,1,61,56,55,1,1,1,172,58.0,1,D,bad
433,433,0,1,5,0,1,47,59,50,1,1,1,156,52.0,1,D,bad
434,434,1,3,5,1,1,73,66,66,1,1,1,205,69.0,1,C,medium
435,435,1,3,4,0,0,50,48,53,1,1,1,151,51.0,1,D,bad
436,436,1,4,0,1,1,75,68,64,1,1,1,207,69.0,1,C,medium
437,437,1,4,0,0,1,75,66,73,1,1,1,214,72.0,1,B,medium
438,438,1,3,2,1,1,70,56,51,1,1,1,177,59.0,1,D,medium
439,439,1,4,5,1,0,89,88,82,1,1,1,259,87.0,1,A,good
440,440,0,3,4,1,0,67,81,79,1,1,1,227,76.0,1,B,good
441,441,0,4,2,1,1,78,81,80,1,1,1,239,80.0,1,A,good
442,442,0,1,5,0,1,59,73,69,1,1,1,201,67.0,1,C,medium
443,443,0,2,0,1,1,73,83,76,1,1,1,232,78.0,1,B,good
444,444,1,1,5,0,1,79,82,73,1,1,1,234,78.0,1,B,good
445,445,0,3,5,1,0,67,74,77,1,1,1,218,73.0,1,B,medium
446,446,1,4,4,0,1,69,66,60,1,1,1,195,65.0,1,C,medium
447,447,1,3,2,1,0,86,81,80,1,1,1,247,83.0,1,A,good
448,448,1,2,2,1,1,47,46,42,1,1,1,135,45.0,1,D,bad
449,449,1,2,0,1,1,81,73,72,1,1,1,226,76.0,1,B,good
450,450,0,3,4,0,0,64,85,85,1,1,1,234,78.0,1,B,good
451,451,0,5,4,1,1,100,92,97,1,1,1,289,97.0,1,O,good
452,452,0,3,0,0,1,65,77,74,1,1,1,216,72.0,1,B,medium
453,453,1,3,4,0,1,65,58,49,1,1,1,172,58.0,1,D,bad
454,454,0,3,0,0,1,53,61,62,1,1,1,176,59.0,1,D,medium
455,455,1,3,1,0,1,37,56,47,0,1,1,140,47.0,0,E,bad
456,456,0,4,1,1,1,79,89,89,1,1,1,257,86.0,1,A,good
457,457,1,4,0,0,1,53,54,48,1,1,1,155,52.0,1,D,bad
458,458,0,5,1,1,1,100,100,100,1,1,1,300,100.0,1,O,good
459,459,1,2,2,1,0,72,65,68,1,1,1,205,69.0,1,C,medium
460,460,1,3,1,0,1,53,58,55,1,1,1,166,56.0,1,D,bad
461,461,1,2,4,0,1,54,54,45,1,1,1,153,51.0,1,D,bad
462,462,0,5,4,1,1,71,70,76,1,1,1,217,73.0,1,B,medium
463,463,0,3,4,0,1,77,90,91,1,1,1,258,86.0,1,A,good
464,464,1,1,1,1,0,75,58,62,1,1,1,195,65.0,1,C,medium
465,465,0,3,4,1,1,84,87,91,1,1,1,262,88.0,1,A,good
466,466,0,4,0,0,1,26,31,38,0,0,0,95,32.0,0,E,bad
467,467,1,1,2,0,0,72,67,65,1,1,1,204,68.0,1,C,medium
468,468,0,1,2,0,0,77,88,85,1,1,1,250,84.0,1,A,good
469,469,1,3,4,1,1,91,74,76,1,1,1,241,81.0,1,A,good
470,470,0,3,0,1,0,83,85,90,1,1,1,258,86.0,1,A,good
471,471,0,3,2,1,1,63,69,74,1,1,1,206,69.0,1,C,medium
472,472,0,3,0,1,0,68,86,84,1,1,1,238,80.0,1,A,good
473,473,0,4,5,1,1,59,67,61,1,1,1,187,63.0,1,C,medium
474,474,0,2,0,1,0,90,90,91,1,1,1,271,91.0,1,O,good
475,475,0,4,1,1,0,71,76,83,1,1,1,230,77.0,1,B,good
476,476,1,5,1,1,0,76,62,66,1,1,1,204,68.0,1,C,medium
477,477,1,4,0,1,1,80,68,72,1,1,1,220,74.0,1,B,medium
478,478,0,4,3,1,1,55,64,70,1,1,1,189,63.0,1,C,medium
479,479,1,5,0,1,1,76,71,67,1,1,1,214,72.0,1,B,medium
480,480,1,2,2,1,0,73,71,68,1,1,1,212,71.0,1,B,medium
481,481,0,4,0,0,1,52,59,56,1,1,1,167,56.0,1,D,bad
482,482,1,3,4,0,1,68,68,61,1,1,1,197,66.0,1,C,medium
483,483,1,1,2,1,1,59,52,46,1,1,1,157,53.0,1,D,bad
484,484,0,2,0,1,1,49,52,54,1,1,1,155,52.0,1,D,bad
485,485,1,3,2,1,1,70,74,71,1,1,1,215,72.0,1,B,medium
486,486,1,4,4,0,1,61,47,56,1,1,1,164,55.0,1,D,bad
487,487,0,3,0,0,1,60,75,74,1,1,1,209,70.0,1,B,medium
488,488,1,2,5,1,0,64,53,57,1,1,1,174,58.0,1,D,bad
489,489,1,1,0,0,0,79,82,82,1,1,1,243,81.0,1,A,good
490,490,0,1,0,0,1,65,85,76,1,1,1,226,76.0,1,B,good
491,491,0,3,0,1,1,64,64,70,1,1,1,198,66.0,1,C,medium
492,492,0,3,4,1,1,83,83,90,1,1,1,256,86.0,1,A,good
493,493,0,3,1,1,1,81,88,90,1,1,1,259,87.0,1,A,good
494,494,0,2,2,1,1,54,64,68,1,1,1,186,62.0,1,C,medium
495,495,1,4,2,1,0,68,64,66,1,1,1,198,66.0,1,C,medium
496,496,0,3,4,1,1,54,48,52,1,1,1,154,52.0,1,D,bad
497,497,0,4,4,0,0,59,78,76,1,1,1,213,71.0,1,B,medium
498,498,0,2,5,1,1,66,69,68,1,1,1,203,68.0,1,C,medium
499,499,1,5,4,1,1,76,71,72,1,1,1,219,73.0,1,B,medium
500,500,0,4,3,1,1,74,79,82,1,1,1,235,79.0,1,B,good
501,501,0,2,0,1,0,94,87,92,1,1,1,273,91.0,1,O,good
502,502,1,3,4,0,1,63,61,54,1,1,1,178,60.0,1,C,medium
503,503,0,5,0,1,0,95,89,92,1,1,1,276,92.0,1,O,good
504,504,0,4,3,0,1,40,59,54,1,1,1,153,51.0,1,D,bad
505,505,0,2,5,1,1,82,82,80,1,1,1,244,82.0,1,A,good
506,506,1,1,2,1,1,68,70,66,1,1,1,204,68.0,1,C,medium
507,507,1,2,1,0,1,55,59,54,1,1,1,168,56.0,1,D,bad
508,508,1,3,3,1,1,79,78,77,1,1,1,234,78.0,1,B,good
509,509,0,3,1,1,1,86,92,87,1,1,1,265,89.0,1,A,good
510,510,1,4,4,1,1,76,71,73,1,1,1,220,74.0,1,B,medium
511,511,1,1,5,1,1,64,50,43,1,1,1,157,53.0,1,D,bad
512,512,1,4,5,0,1,62,49,52,1,1,1,163,55.0,1,D,bad
513,513,0,2,5,1,0,54,61,62,1,1,1,177,59.0,1,D,medium
514,514,0,2,3,0,0,77,97,94,1,1,1,268,90.0,1,O,good
515,515,0,3,5,1,0,76,87,85,1,1,1,248,83.0,1,A,good
516,516,0,4,4,1,1,74,89,84,1,1,1,247,83.0,1,A,good
517,517,0,5,4,1,0,66,74,73,1,1,1,213,71.0,1,B,medium
518,518,0,4,5,1,0,66,78,78,1,1,1,222,74.0,1,B,medium
519,519,0,2,2,0,0,67,78,79,1,1,1,224,75.0,1,B,medium
520,520,1,4,4,1,1,71,49,52,1,1,1,172,58.0,1,D,bad
521,521,0,3,0,1,1,91,86,84,1,1,1,261,87.0,1,A,good
522,522,1,4,1,1,1,69,58,57,1,1,1,184,62.0,1,C,medium
523,523,1,3,3,0,1,54,59,50,1,1,1,163,55.0,1,D,bad
524,524,1,3,2,1,0,53,52,49,1,1,1,154,52.0,1,D,bad
525,525,1,5,4,1,1,68,60,59,1,1,1,187,63.0,1,C,medium
526,526,1,3,5,0,0,56,61,60,1,1,1,177,59.0,1,D,medium
527,527,0,3,2,0,1,36,53,43,0,1,1,132,44.0,0,E,bad
528,528,0,4,1,0,1,29,41,47,0,1,1,117,39.0,0,E,bad
529,529,0,3,0,1,1,62,74,70,1,1,1,206,69.0,1,C,medium
530,530,0,3,0,1,0,68,67,73,1,1,1,208,70.0,1,B,medium
531,531,0,3,5,1,1,47,54,53,1,1,1,154,52.0,1,D,bad
532,532,1,5,0,1,0,62,61,58,1,1,1,181,61.0,1,C,medium
533,533,0,5,0,1,0,79,88,94,1,1,1,261,87.0,1,A,good
534,534,1,2,2,1,0,73,69,68,1,1,1,210,70.0,1,B,medium
535,535,0,3,1,0,0,66,83,83,1,1,1,232,78.0,1,B,good
536,536,1,3,0,1,0,51,60,58,1,1,1,169,57.0,1,D,bad
537,537,0,4,2,1,1,51,66,62,1,1,1,179,60.0,1,C,medium
538,538,1,5,1,1,0,85,66,71,1,1,1,222,74.0,1,B,medium
539,539,1,1,0,1,0,97,92,86,1,1,1,275,92.0,1,O,good
540,540,1,3,2,1,0,75,69,68,1,1,1,212,71.0,1,B,medium
541,541,1,4,0,0,0,79,82,80,1,1,1,241,81.0,1,A,good
542,542,0,3,0,1,1,81,77,79,1,1,1,237,79.0,1,B,good
543,543,0,4,0,1,1,82,95,89,1,1,1,266,89.0,1,A,good
544,544,0,4,3,1,1,64,63,66,1,1,1,193,65.0,1,C,medium
545,545,1,5,5,0,0,78,83,80,1,1,1,241,81.0,1,A,good
546,546,0,1,5,1,0,92,100,97,1,1,1,289,97.0,1,O,good
547,547,1,3,2,1,0,72,67,64,1,1,1,203,68.0,1,C,medium
548,548,0,3,2,0,1,62,67,64,1,1,1,193,65.0,1,C,medium
549,549,1,3,3,1,1,79,72,69,1,1,1,220,74.0,1,B,medium
550,550,1,3,5,0,1,79,76,65,1,1,1,220,74.0,1,B,medium
551,551,1,2,1,0,0,87,90,88,1,1,1,265,89.0,1,A,good
552,552,0,2,0,1,1,40,48,50,1,1,1,138,46.0,1,D,bad
553,553,1,4,4,0,1,77,62,64,1,1,1,203,68.0,1,C,medium
554,554,1,5,0,1,1,53,45,40,1,1,1,138,46.0,1,D,bad
555,555,0,3,4,0,1,32,39,33,0,0,0,104,35.0,0,E,bad
556,556,0,3,0,1,0,55,72,79,1,1,1,206,69.0,1,C,medium
557,557,1,3,3,0,1,61,67,66,1,1,1,194,65.0,1,C,medium
558,558,0,2,0,0,1,53,70,70,1,1,1,193,65.0,1,C,medium
559,559,1,4,5,1,1,73,66,62,1,1,1,201,67.0,1,C,medium
560,560,0,4,4,1,0,74,75,79,1,1,1,228,76.0,1,B,good
561,561,0,3,4,1,1,63,74,74,1,1,1,211,71.0,1,B,medium
562,562,1,3,1,1,0,96,90,92,1,1,1,278,93.0,1,O,good
563,563,0,4,4,0,0,63,80,80,1,1,1,223,75.0,1,B,medium
564,564,1,2,1,0,1,48,51,46,1,1,1,145,49.0,1,D,bad
565,565,1,2,0,1,1,48,43,45,1,1,1,136,46.0,1,D,bad
566,566,0,5,1,0,0,92,100,100,1,1,1,292,98.0,1,O,good
567,567,0,4,3,0,0,61,71,78,1,1,1,210,70.0,1,B,medium
568,568,1,2,2,0,1,63,48,47,1,1,1,158,53.0,1,D,bad
569,569,1,4,1,0,1,68,68,67,1,1,1,203,68.0,1,C,medium
570,570,1,2,4,1,0,71,75,70,1,1,1,216,72.0,1,B,medium
571,571,1,1,1,1,1,91,96,92,1,1,1,279,93.0,1,O,good
572,572,0,3,4,1,1,53,62,56,1,1,1,171,57.0,1,D,bad
573,573,0,3,2,0,0,50,66,64,1,1,1,180,60.0,1,C,medium
574,574,0,5,2,1,1,74,81,71,1,1,1,226,76.0,1,B,good
575,575,1,1,0,0,0,40,55,53,1,1,1,148,50.0,1,D,bad
576,576,1,1,4,1,0,61,51,52,1,1,1,164,55.0,1,D,bad
577,577,0,2,2,1,1,81,91,89,1,1,1,261,87.0,1,A,good
578,578,0,2,4,0,0,48,56,58,1,1,1,162,54.0,1,D,bad
579,579,0,4,3,1,1,53,61,68,1,1,1,182,61.0,1,C,medium
580,580,0,4,5,1,1,81,97,96,1,1,1,274,92.0,1,O,good
581,581,0,5,5,1,1,77,79,80,1,1,1,236,79.0,1,B,good
582,582,0,4,1,0,1,63,73,78,1,1,1,214,72.0,1,B,medium
583,583,0,4,0,1,0,73,75,80,1,1,1,228,76.0,1,B,good
584,584,0,4,4,1,1,69,77,77,1,1,1,223,75.0,1,B,medium
585,585,0,3,0,1,1,65,76,76,1,1,1,217,73.0,1,B,medium
586,586,0,1,2,1,1,55,73,73,1,1,1,201,67.0,1,C,medium
587,587,0,3,1,0,1,44,63,62,1,1,1,169,57.0,1,D,bad
588,588,0,3,4,1,1,54,64,65,1,1,1,183,61.0,1,C,medium
589,589,0,1,5,1,1,48,66,65,1,1,1,179,60.0,1,C,medium
590,590,1,3,4,0,1,58,57,54,1,1,1,169,57.0,1,D,bad
591,591,1,1,5,1,1,71,62,50,1,1,1,183,61.0,1,C,medium
592,592,1,5,1,1,1,68,68,64,1,1,1,200,67.0,1,C,medium
593,593,0,5,2,1,1,74,76,73,1,1,1,223,75.0,1,B,medium
594,594,0,3,1,1,0,92,100,99,1,1,1,291,97.0,1,O,good
595,595,0,3,1,1,0,56,79,72,1,1,1,207,69.0,1,C,medium
596,596,1,2,2,0,1,30,24,15,0,0,0,69,23.0,0,E,bad
597,597,1,1,5,1,1,53,54,48,1,1,1,155,52.0,1,D,bad
598,598,0,4,2,1,1,69,77,73,1,1,1,219,73.0,1,B,medium
599,599,0,4,5,1,1,65,82,81,1,1,1,228,76.0,1,B,good
600,600,0,4,3,1,1,54,60,63,1,1,1,177,59.0,1,D,medium
601,601,0,3,2,1,1,29,29,30,0,0,0,88,30.0,0,E,bad
602,602,0,5,4,1,1,76,78,80,1,1,1,234,78.0,1,B,good
603,603,1,4,2,0,1,60,57,51,1,1,1,168,56.0,1,D,bad
604,604,1,4,3,0,0,84,89,90,1,1,1,263,88.0,1,A,good
605,605,1,3,5,1,1,75,72,62,1,1,1,209,70.0,1,B,medium
606,606,0,3,0,1,1,85,84,82,1,1,1,251,84.0,1,A,good
607,607,0,3,3,0,1,40,58,54,1,1,1,152,51.0,1,D,bad
608,608,0,5,4,1,1,61,64,62,1,1,1,187,63.0,1,C,medium
609,609,0,2,0,1,1,58,63,65,1,1,1,186,62.0,1,C,medium
610,610,1,4,4,0,0,69,60,63,1,1,1,192,64.0,1,C,medium
611,611,0,3,4,1,1,58,59,66,1,1,1,183,61.0,1,C,medium
612,612,1,3,1,1,0,94,90,91,1,1,1,275,92.0,1,O,good
613,613,0,3,0,1,1,65,77,74,1,1,1,216,72.0,1,B,medium
614,614,0,1,0,1,1,82,93,93,1,1,1,268,90.0,1,O,good
615,615,0,3,2,1,1,60,68,72,1,1,1,200,67.0,1,C,medium
616,616,0,5,1,1,1,37,45,38,0,1,0,120,40.0,0,E,bad
617,617,1,4,1,1,1,88,78,83,1,1,1,249,83.0,1,A,good
618,618,1,4,3,1,1,95,81,84,1,1,1,260,87.0,1,A,good
619,619,1,3,0,0,0,65,73,68,1,1,1,206,69.0,1,C,medium
620,620,0,3,2,0,1,35,61,54,0,1,1,150,50.0,0,E,bad
621,621,1,2,1,0,1,62,63,56,1,1,1,181,61.0,1,C,medium
622,622,1,3,2,0,0,58,51,52,1,1,1,161,54.0,1,D,bad
623,623,1,1,4,1,0,100,96,86,1,1,1,282,94.0,1,O,good
624,624,0,5,1,0,1,61,58,62,1,1,1,181,61.0,1,C,medium
625,625,1,4,4,1,0,100,97,99,1,1,1,296,99.0,1,O,good
626,626,1,2,0,0,0,69,70,63,1,1,1,202,68.0,1,C,medium
627,627,1,4,0,1,1,61,48,46,1,1,1,155,52.0,1,D,bad
628,628,1,4,4,0,1,49,57,46,1,1,1,152,51.0,1,D,bad
629,629,0,3,5,1,0,44,51,55,1,1,1,150,50.0,1,D,bad
630,630,1,4,4,1,1,67,64,70,1,1,1,201,67.0,1,C,medium
631,631,1,2,2,1,1,79,60,65,1,1,1,204,68.0,1,C,medium
632,632,0,2,1,1,0,66,74,81,1,1,1,221,74.0,1,B,medium
633,633,0,3,2,1,1,75,88,85,1,1,1,248,83.0,1,A,good
634,634,1,4,5,1,1,84,84,80,1,1,1,248,83.0,1,A,good
635,635,1,1,2,1,1,71,74,64,1,1,1,209,70.0,1,B,medium
636,636,0,2,2,0,0,67,80,81,1,1,1,228,76.0,1,B,good
637,637,0,4,5,1,0,80,92,88,1,1,1,260,87.0,1,A,good
638,638,1,5,4,1,1,86,76,74,1,1,1,236,79.0,1,B,good
639,639,0,4,0,1,1,76,74,73,1,1,1,223,75.0,1,B,medium
640,640,1,4,2,1,1,41,52,51,1,1,1,144,48.0,1,D,bad
641,641,0,4,0,0,0,74,88,90,1,1,1,252,84.0,1,A,good
642,642,0,2,5,0,1,72,81,79,1,1,1,232,78.0,1,B,good
643,643,0,5,2,1,0,74,79,80,1,1,1,233,78.0,1,B,good
644,644,1,2,2,1,1,70,65,60,1,1,1,195,65.0,1,C,medium
645,645,0,2,1,1,0,65,81,81,1,1,1,227,76.0,1,B,good
646,646,0,4,0,1,1,59,70,65,1,1,1,194,65.0,1,C,medium
647,647,0,5,2,0,1,64,62,68,1,1,1,194,65.0,1,C,medium
648,648,0,2,2,1,1,50,53,55,1,1,1,158,53.0,1,D,bad
649,649,0,4,4,1,0,69,79,81,1,1,1,229,77.0,1,B,good
650,650,1,3,5,0,0,51,56,53,1,1,1,160,54.0,1,D,bad
651,651,0,1,2,1,0,68,80,76,1,1,1,224,75.0,1,B,medium
652,652,0,4,4,1,0,85,86,98,1,1,1,269,90.0,1,O,good
653,653,0,1,0,1,0,65,70,74,1,1,1,209,70.0,1,B,medium
654,654,0,2,5,1,1,73,79,79,1,1,1,231,77.0,1,B,good
655,655,0,2,4,1,1,62,67,67,1,1,1,196,66.0,1,C,medium
656,656,1,3,0,0,1,77,67,64,1,1,1,208,70.0,1,B,medium
657,657,1,4,5,1,1,69,66,61,1,1,1,196,66.0,1,C,medium
658,658,0,4,0,0,1,43,60,58,1,1,1,161,54.0,1,D,bad
659,659,1,4,0,1,1,90,87,85,1,1,1,262,88.0,1,A,good
660,660,1,3,4,0,1,74,77,73,1,1,1,224,75.0,1,B,medium
661,661,1,3,5,1,1,73,66,63,1,1,1,202,68.0,1,C,medium
662,662,0,4,4,0,1,55,71,69,1,1,1,195,65.0,1,C,medium
663,663,0,3,2,1,1,65,69,67,1,1,1,201,67.0,1,C,medium
664,664,1,4,0,1,1,80,63,63,1,1,1,206,69.0,1,C,medium
665,665,0,3,5,0,0,50,60,60,1,1,1,170,57.0,1,D,bad
666,666,0,3,4,0,0,63,73,71,1,1,1,207,69.0,1,C,medium
667,667,0,2,1,0,1,77,85,87,1,1,1,249,83.0,1,A,good
668,668,1,3,4,1,1,73,74,61,1,1,1,208,70.0,1,B,medium
669,669,1,4,0,1,0,81,72,77,1,1,1,230,77.0,1,B,good
670,670,0,3,2,0,1,66,76,68,1,1,1,210,70.0,1,B,medium
671,671,1,4,0,0,1,52,57,50,1,1,1,159,53.0,1,D,bad
672,672,0,3,4,1,1,69,78,76,1,1,1,223,75.0,1,B,medium
673,673,0,3,0,1,0,65,84,84,1,1,1,233,78.0,1,B,good
674,674,0,4,2,1,0,69,77,78,1,1,1,224,75.0,1,B,medium
675,675,0,2,4,1,0,50,64,66,1,1,1,180,60.0,1,C,medium
676,676,0,5,4,1,0,73,78,76,1,1,1,227,76.0,1,B,good
677,677,0,3,5,1,0,70,82,76,1,1,1,228,76.0,1,B,good
678,678,1,4,0,0,1,81,75,78,1,1,1,234,78.0,1,B,good
679,679,1,4,4,0,1,63,61,60,1,1,1,184,62.0,1,C,medium
680,680,0,4,2,1,1,67,72,74,1,1,1,213,71.0,1,B,medium
681,681,1,2,2,1,1,60,68,60,1,1,1,188,63.0,1,C,medium
682,682,1,2,2,1,1,62,55,54,1,1,1,171,57.0,1,D,bad
683,683,0,3,5,0,0,29,40,44,0,1,1,113,38.0,0,E,bad
684,684,1,2,4,1,0,62,66,68,1,1,1,196,66.0,1,C,medium
685,685,0,5,3,1,0,94,99,100,1,1,1,293,98.0,1,O,good
686,686,1,5,4,1,0,85,75,68,1,1,1,228,76.0,1,B,good
687,687,1,4,0,0,1,77,78,73,1,1,1,228,76.0,1,B,good
688,688,1,1,2,0,1,53,58,44,1,1,1,155,52.0,1,D,bad
689,689,1,5,4,0,1,93,90,83,1,1,1,266,89.0,1,A,good
690,690,0,3,0,1,1,49,53,53,1,1,1,155,52.0,1,D,bad
691,691,0,5,0,0,1,73,76,78,1,1,1,227,76.0,1,B,good
692,692,0,3,1,0,0,66,74,81,1,1,1,221,74.0,1,B,medium
693,693,0,4,0,1,1,77,77,73,1,1,1,227,76.0,1,B,good
694,694,0,3,5,1,1,49,63,56,1,1,1,168,56.0,1,D,bad
695,695,0,4,4,0,1,79,89,86,1,1,1,254,85.0,1,A,good
696,696,0,3,0,1,0,75,82,90,1,1,1,247,83.0,1,A,good
697,697,0,1,1,1,1,59,72,70,1,1,1,201,67.0,1,C,medium
698,698,0,4,0,1,0,57,78,79,1,1,1,214,72.0,1,B,medium
699,699,1,3,2,0,1,66,66,59,1,1,1,191,64.0,1,C,medium
700,700,0,5,1,1,0,79,81,82,1,1,1,242,81.0,1,A,good
701,701,0,2,5,1,1,57,67,72,1,1,1,196,66.0,1,C,medium
702,702,1,1,1,1,0,87,84,87,1,1,1,258,86.0,1,A,good
703,703,0,4,4,1,1,63,64,67,1,1,1,194,65.0,1,C,medium
704,704,0,2,5,0,0,59,63,64,1,1,1,186,62.0,1,C,medium
705,705,1,1,1,0,1,62,72,65,1,1,1,199,67.0,1,C,medium
706,706,1,4,2,1,1,46,34,36,1,0,0,116,39.0,0,E,bad
707,707,1,3,4,1,1,66,59,52,1,1,1,177,59.0,1,D,medium
708,708,1,4,2,1,1,89,87,79,1,1,1,255,85.0,1,A,good
709,709,0,4,0,0,0,42,61,58,1,1,1,161,54.0,1,D,bad
710,710,1,3,4,1,0,93,84,90,1,1,1,267,89.0,1,A,good
711,711,0,5,5,1,0,80,85,85,1,1,1,250,84.0,1,A,good
712,712,0,4,4,1,1,98,100,99,1,1,1,297,99.0,1,O,good
713,713,1,4,3,1,1,81,81,84,1,1,1,246,82.0,1,A,good
714,714,0,2,5,1,0,60,70,74,1,1,1,204,68.0,1,C,medium
715,715,0,2,0,0,0,76,94,87,1,1,1,257,86.0,1,A,good
716,716,1,3,0,1,0,73,78,72,1,1,1,223,75.0,1,B,medium
717,717,0,3,0,1,0,96,96,99,1,1,1,291,97.0,1,O,good
718,718,0,3,2,1,1,76,76,74,1,1,1,226,76.0,1,B,good
719,719,1,5,0,0,0,91,73,80,1,1,1,244,82.0,1,A,good
720,720,0,3,4,0,1,62,72,70,1,1,1,204,68.0,1,C,medium
721,721,1,4,5,0,0,55,59,59,1,1,1,173,58.0,1,D,bad
722,722,0,2,5,0,0,74,90,88,1,1,1,252,84.0,1,A,good
723,723,1,3,2,1,1,50,48,42,1,1,1,140,47.0,1,D,bad
724,724,1,2,4,1,1,47,43,41,1,1,1,131,44.0,1,D,bad
725,725,1,5,4,1,0,81,74,71,1,1,1,226,76.0,1,B,good
726,726,0,5,0,1,0,65,75,77,1,1,1,217,73.0,1,B,medium
727,727,1,5,5,1,0,68,51,57,1,1,1,176,59.0,1,D,medium
728,728,0,4,2,0,1,73,92,84,1,1,1,249,83.0,1,A,good
729,729,1,3,4,1,1,53,39,37,1,0,0,129,43.0,0,E,bad
730,730,0,2,0,0,0,68,77,80,1,1,1,225,75.0,1,B,medium
731,731,1,1,5,0,1,55,46,43,1,1,1,144,48.0,1,D,bad
732,732,0,3,4,1,0,87,89,94,1,1,1,270,90.0,1,O,good
733,733,1,4,5,1,1,55,47,44,1,1,1,146,49.0,1,D,bad
734,734,0,5,4,0,1,53,58,57,1,1,1,168,56.0,1,D,bad
735,735,1,3,3,1,1,67,57,59,1,1,1,183,61.0,1,C,medium
736,736,1,3,0,1,1,92,79,84,1,1,1,255,85.0,1,A,good
737,737,0,2,4,0,0,53,66,73,1,1,1,192,64.0,1,C,medium
738,738,1,4,0,1,1,81,71,73,1,1,1,225,75.0,1,B,medium
739,739,1,3,2,0,1,61,60,55,1,1,1,176,59.0,1,D,medium
740,740,1,4,1,1,1,80,73,72,1,1,1,225,75.0,1,B,medium
741,741,0,1,0,0,1,37,57,56,0,1,1,150,50.0,0,E,bad
742,742,0,3,2,1,1,81,84,82,1,1,1,247,83.0,1,A,good
743,743,0,3,0,1,0,59,73,72,1,1,1,204,68.0,1,C,medium
744,744,1,2,4,0,1,55,55,47,1,1,1,157,53.0,1,D,bad
745,745,1,4,0,1,1,72,79,74,1,1,1,225,75.0,1,B,medium
746,746,1,4,2,1,1,69,75,71,1,1,1,215,72.0,1,B,medium
747,747,1,3,4,1,1,69,64,68,1,1,1,201,67.0,1,C,medium
748,748,0,3,1,0,1,50,60,59,1,1,1,169,57.0,1,D,bad
749,749,1,2,4,1,0,87,84,86,1,1,1,257,86.0,1,A,good
750,750,1,4,5,1,0,71,69,68,1,1,1,208,70.0,1,B,medium
751,751,1,5,4,1,1,68,72,65,1,1,1,205,69.0,1,C,medium
752,752,1,3,3,0,0,79,77,75,1,1,1,231,77.0,1,B,good
753,753,0,3,5,1,0,77,90,85,1,1,1,252,84.0,1,A,good
754,754,1,3,0,0,1,58,55,53,1,1,1,166,56.0,1,D,bad
755,755,0,5,0,1,1,84,95,92,1,1,1,271,91.0,1,O,good
756,756,1,4,4,1,1,55,58,52,1,1,1,165,55.0,1,D,bad
757,757,1,5,1,0,0,70,68,72,1,1,1,210,70.0,1,B,medium
758,758,0,4,4,0,0,52,59,65,1,1,1,176,59.0,1,D,medium
759,759,1,2,4,1,0,69,77,77,1,1,1,223,75.0,1,B,medium
760,760,0,3,2,0,1,53,72,64,1,1,1,189,63.0,1,C,medium
761,761,0,4,5,1,1,48,58,54,1,1,1,160,54.0,1,D,bad
762,762,1,4,5,1,0,78,81,86,1,1,1,245,82.0,1,A,good
763,763,0,2,2,1,1,62,62,63,1,1,1,187,63.0,1,C,medium
764,764,1,4,4,1,1,60,63,59,1,1,1,182,61.0,1,C,medium
765,765,0,2,2,1,1,74,72,72,1,1,1,218,73.0,1,B,medium
766,766,0,3,2,1,0,58,75,77,1,1,1,210,70.0,1,B,medium
767,767,1,2,2,1,0,76,62,60,1,1,1,198,66.0,1,C,medium
768,768,0,4,5,1,1,68,71,75,1,1,1,214,72.0,1,B,medium
769,769,1,1,4,0,1,58,60,57,1,1,1,175,59.0,1,D,medium
770,770,1,2,2,1,1,52,48,49,1,1,1,149,50.0,1,D,bad
771,771,1,4,1,1,1,75,73,74,1,1,1,222,74.0,1,B,medium
772,772,0,2,5,0,0,52,67,72,1,1,1,191,64.0,1,C,medium
773,773,0,3,1,0,1,62,78,79,1,1,1,219,73.0,1,B,medium
774,774,1,2,4,1,1,66,65,60,1,1,1,191,64.0,1,C,medium
775,775,0,2,5,0,1,49,58,55,1,1,1,162,54.0,1,D,bad
776,776,0,2,2,1,1,66,72,70,1,1,1,208,70.0,1,B,medium
777,777,0,3,4,0,1,35,44,43,0,1,1,122,41.0,0,E,bad
778,778,0,1,4,1,0,72,79,82,1,1,1,233,78.0,1,B,good
779,779,1,5,0,1,0,94,85,82,1,1,1,261,87.0,1,A,good
780,780,0,4,0,0,1,46,56,57,1,1,1,159,53.0,1,D,bad
781,781,0,2,3,1,1,77,90,84,1,1,1,251,84.0,1,A,good
782,782,0,2,2,0,0,76,85,82,1,1,1,243,81.0,1,A,good
783,783,0,3,0,1,0,52,59,62,1,1,1,173,58.0,1,D,bad
784,784,1,3,1,1,0,91,81,79,1,1,1,251,84.0,1,A,good
785,785,0,2,5,1,0,32,51,44,0,1,1,127,43.0,0,E,bad
786,786,0,5,5,0,1,72,79,77,1,1,1,228,76.0,1,B,good
787,787,0,2,4,1,1,19,38,32,0,0,0,89,30.0,0,E,bad
788,788,1,3,0,0,1,68,65,61,1,1,1,194,65.0,1,C,medium
789,789,0,3,3,0,1,52,65,61,1,1,1,178,60.0,1,C,medium
790,790,0,2,2,1,1,48,62,60,1,1,1,170,57.0,1,D,bad
791,791,0,4,4,0,1,60,66,70,1,1,1,196,66.0,1,C,medium
792,792,1,4,2,0,1,66,74,69,1,1,1,209,70.0,1,B,medium
793,793,1,5,5,1,0,89,84,77,1,1,1,250,84.0,1,A,good
794,794,0,2,2,1,1,42,52,51,1,1,1,145,49.0,1,D,bad
795,795,0,5,0,0,0,57,68,73,1,1,1,198,66.0,1,C,medium
796,796,1,4,2,1,1,70,70,70,1,1,1,210,70.0,1,B,medium
797,797,0,5,0,0,1,70,84,81,1,1,1,235,79.0,1,B,good
798,798,1,5,4,1,1,69,60,54,1,1,1,183,61.0,1,C,medium
799,799,0,3,0,1,1,52,55,57,1,1,1,164,55.0,1,D,bad
800,800,1,3,5,1,0,67,73,68,1,1,1,208,70.0,1,B,medium
801,801,1,3,5,1,0,76,80,73,1,1,1,229,77.0,1,B,good
802,802,0,5,0,1,1,87,94,95,1,1,1,276,92.0,1,O,good
803,803,0,2,4,1,1,82,85,87,1,1,1,254,85.0,1,A,good
804,804,0,3,4,1,1,73,76,78,1,1,1,227,76.0,1,B,good
805,805,1,1,4,0,1,75,81,74,1,1,1,230,77.0,1,B,good
806,806,0,4,4,0,1,64,74,75,1,1,1,213,71.0,1,B,medium
807,807,0,5,2,0,1,41,45,40,1,1,1,126,42.0,1,D,bad
808,808,1,3,2,1,1,90,75,69,1,1,1,234,78.0,1,B,good
809,809,1,2,1,1,1,59,54,51,1,1,1,164,55.0,1,D,bad
810,810,1,1,5,1,1,51,31,36,1,0,0,118,40.0,0,E,bad
811,811,1,1,2,0,1,45,47,49,1,1,1,141,47.0,1,D,bad
812,812,0,3,3,1,0,54,64,67,1,1,1,185,62.0,1,C,medium
813,813,1,5,5,1,0,87,84,76,1,1,1,247,83.0,1,A,good
814,814,0,3,2,1,1,72,80,83,1,1,1,235,79.0,1,B,good
815,815,1,2,5,1,0,94,86,87,1,1,1,267,89.0,1,A,good
816,816,0,1,1,1,1,45,59,64,1,1,1,168,56.0,1,D,bad
817,817,1,4,1,0,0,61,70,76,1,1,1,207,69.0,1,C,medium
818,818,0,2,2,0,1,60,72,68,1,1,1,200,67.0,1,C,medium
819,819,0,3,5,1,1,77,91,88,1,1,1,256,86.0,1,A,good
820,820,0,1,5,1,0,85,90,92,1,1,1,267,89.0,1,A,good
821,821,0,4,1,0,1,78,90,93,1,1,1,261,87.0,1,A,good
822,822,1,5,4,0,0,49,52,51,1,1,1,152,51.0,1,D,bad
823,823,0,2,2,0,1,71,87,82,1,1,1,240,80.0,1,A,good
824,824,0,3,5,0,1,48,58,52,1,1,1,158,53.0,1,D,bad
825,825,1,3,2,1,1,62,67,58,1,1,1,187,63.0,1,C,medium
826,826,0,3,0,0,0,56,68,70,1,1,1,194,65.0,1,C,medium
827,827,0,3,5,1,1,65,69,76,1,1,1,210,70.0,1,B,medium
828,828,0,4,5,0,0,69,86,81,1,1,1,236,79.0,1,B,good
829,829,1,2,5,1,1,68,54,53,1,1,1,175,59.0,1,D,medium
830,830,0,1,4,0,1,61,60,57,1,1,1,178,60.0,1,C,medium
831,831,0,3,1,0,0,74,86,89,1,1,1,249,83.0,1,A,good
832,832,1,1,1,1,1,64,60,58,1,1,1,182,61.0,1,C,medium
833,833,0,2,2,1,0,77,82,89,1,1,1,248,83.0,1,A,good
834,834,1,2,4,1,1,58,50,45,1,1,1,153,51.0,1,D,bad
835,835,0,3,2,1,0,60,64,74,1,1,1,198,66.0,1,C,medium
836,836,1,5,2,1,1,73,64,57,1,1,1,194,65.0,1,C,medium
837,837,0,1,2,1,0,75,82,79,1,1,1,236,79.0,1,B,good
838,838,1,2,0,0,0,58,57,53,1,1,1,168,56.0,1,D,bad
839,839,0,3,0,1,1,66,77,73,1,1,1,216,72.0,1,B,medium
840,840,0,4,2,0,1,39,52,46,0,1,1,137,46.0,0,E,bad
841,841,1,3,5,1,1,64,58,51,1,1,1,173,58.0,1,D,bad
842,842,0,2,2,0,0,23,44,36,0,1,0,103,35.0,0,E,bad
843,843,1,2,4,0,0,74,77,76,1,1,1,227,76.0,1,B,good
844,844,0,4,5,0,0,40,65,64,1,1,1,169,57.0,1,D,bad
845,845,1,5,3,1,1,90,85,84,1,1,1,259,87.0,1,A,good
846,846,1,3,3,1,0,91,85,85,1,1,1,261,87.0,1,A,good
847,847,1,4,2,1,1,64,54,50,1,1,1,168,56.0,1,D,bad
848,848,0,3,2,1,1,59,72,68,1,1,1,199,67.0,1,C,medium
849,849,1,4,0,1,1,80,75,69,1,1,1,224,75.0,1,B,medium
850,850,1,3,3,1,1,71,67,67,1,1,1,205,69.0,1,C,medium
851,851,0,1,2,1,1,61,68,63,1,1,1,192,64.0,1,C,medium
852,852,0,5,4,1,1,87,85,93,1,1,1,265,89.0,1,A,good
853,853,1,5,5,1,1,82,67,61,1,1,1,210,70.0,1,B,medium
854,854,1,3,5,1,1,62,64,55,1,1,1,181,61.0,1,C,medium
855,855,0,2,1,1,1,97,97,96,1,1,1,290,97.0,1,O,good
856,856,1,2,4,0,1,75,68,65,1,1,1,208,70.0,1,B,medium
857,857,0,3,1,1,1,65,79,81,1,1,1,225,75.0,1,B,medium
858,858,1,2,2,1,0,52,49,46,1,1,1,147,49.0,1,D,bad
859,859,1,3,0,0,1,87,73,72,1,1,1,232,78.0,1,B,good
860,860,0,3,0,1,1,53,62,53,1,1,1,168,56.0,1,D,bad
861,861,0,5,3,0,1,81,86,87,1,1,1,254,85.0,1,A,good
862,862,1,4,1,0,0,39,42,38,0,1,0,119,40.0,0,E,bad
863,863,0,3,4,1,0,71,71,80,1,1,1,222,74.0,1,B,medium
864,864,1,3,0,1,1,97,93,91,1,1,1,281,94.0,1,O,good
865,865,1,4,4,1,0,82,82,88,1,1,1,252,84.0,1,A,good
866,866,1,3,2,0,1,59,53,52,1,1,1,164,55.0,1,D,bad
867,867,1,2,0,1,1,61,42,41,1,1,1,144,48.0,1,D,bad
868,868,1,5,0,0,0,78,74,72,1,1,1,224,75.0,1,B,medium
869,869,1,3,0,0,1,49,51,51,1,1,1,151,51.0,1,D,bad
870,870,1,2,2,1,1,59,58,47,1,1,1,164,55.0,1,D,bad
871,871,0,3,4,1,0,70,72,76,1,1,1,218,73.0,1,B,medium
872,872,1,2,0,1,0,82,84,78,1,1,1,244,82.0,1,A,good
873,873,1,5,0,0,1,90,90,82,1,1,1,262,88.0,1,A,good
874,874,0,3,1,0,1,43,62,61,1,1,1,166,56.0,1,D,bad
875,875,1,3,4,0,1,80,64,66,1,1,1,210,70.0,1,B,medium
876,876,1,4,4,1,1,81,82,84,1,1,1,247,83.0,1,A,good
877,877,1,3,5,1,1,57,61,54,1,1,1,172,58.0,1,D,bad
878,878,0,4,5,1,1,59,72,80,1,1,1,211,71.0,1,B,medium
879,879,0,4,0,1,1,64,76,74,1,1,1,214,72.0,1,B,medium
880,880,1,3,1,1,0,63,64,66,1,1,1,193,65.0,1,C,medium
881,881,0,5,1,1,0,71,70,70,1,1,1,211,71.0,1,B,medium
882,882,0,2,2,0,1,64,73,71,1,1,1,208,70.0,1,B,medium
883,883,1,4,1,0,1,55,46,44,1,1,1,145,49.0,1,D,bad
884,884,0,5,0,1,1,51,51,54,1,1,1,156,52.0,1,D,bad
885,885,0,3,0,1,0,62,76,80,1,1,1,218,73.0,1,B,medium
886,886,0,5,0,1,0,93,100,95,1,1,1,288,96.0,1,O,good
887,887,1,3,2,0,1,54,72,59,1,1,1,185,62.0,1,C,medium
888,888,0,4,4,0,1,69,65,74,1,1,1,208,70.0,1,B,medium
889,889,1,4,2,0,1,44,51,48,1,1,1,143,48.0,1,D,bad
890,890,0,5,4,1,0,86,85,91,1,1,1,262,88.0,1,A,good
891,891,0,5,0,1,1,85,92,85,1,1,1,262,88.0,1,A,good
892,892,0,1,3,0,1,50,67,73,1,1,1,190,64.0,1,C,medium
893,893,1,4,5,1,0,88,74,75,1,1,1,237,79.0,1,B,good
894,894,0,5,0,1,1,59,62,69,1,1,1,190,64.0,1,C,medium
895,895,0,5,5,0,1,32,34,38,0,0,0,104,35.0,0,E,bad
896,896,1,2,2,0,1,36,29,27,0,0,0,92,31.0,0,E,bad
897,897,0,2,5,0,0,63,78,79,1,1,1,220,74.0,1,B,medium
898,898,1,4,0,1,0,67,54,63,1,1,1,184,62.0,1,C,medium
899,899,0,4,5,1,0,65,78,82,1,1,1,225,75.0,1,B,medium
900,900,1,4,3,1,1,85,84,89,1,1,1,258,86.0,1,A,good
901,901,0,3,3,1,1,73,78,74,1,1,1,225,75.0,1,B,medium
902,902,0,1,2,0,0,34,48,41,0,1,1,123,41.0,0,E,bad
903,903,0,4,1,0,0,93,100,100,1,1,1,293,98.0,1,O,good
904,904,0,4,5,0,1,67,84,84,1,1,1,235,79.0,1,B,good
905,905,1,4,4,1,1,88,77,77,1,1,1,242,81.0,1,A,good
906,906,1,2,2,1,1,57,48,51,1,1,1,156,52.0,1,D,bad
907,907,0,4,4,1,0,79,84,91,1,1,1,254,85.0,1,A,good
908,908,0,3,1,0,1,67,75,72,1,1,1,214,72.0,1,B,medium
909,909,1,5,1,1,0,70,64,70,1,1,1,204,68.0,1,C,medium
910,910,1,4,1,0,1,50,42,48,1,1,1,140,47.0,1,D,bad
911,911,0,1,4,1,1,69,84,82,1,1,1,235,79.0,1,B,good
912,912,0,3,1,1,0,52,61,66,1,1,1,179,60.0,1,C,medium
913,913,0,3,1,0,0,47,62,66,1,1,1,175,59.0,1,D,medium
914,914,0,2,0,0,1,46,61,55,1,1,1,162,54.0,1,D,bad
915,915,0,5,4,1,1,68,70,66,1,1,1,204,68.0,1,C,medium
916,916,1,5,1,1,0,100,100,100,1,1,1,300,100.0,1,O,good
917,917,0,3,2,1,1,44,61,52,1,1,1,157,53.0,1,D,bad
918,918,0,3,0,1,0,57,77,80,1,1,1,214,72.0,1,B,medium
919,919,1,2,4,1,0,91,96,91,1,1,1,278,93.0,1,O,good
920,920,1,4,2,0,1,69,70,67,1,1,1,206,69.0,1,C,medium
921,921,0,3,2,0,1,35,53,46,0,1,1,134,45.0,0,E,bad
922,922,1,4,2,1,1,72,66,66,1,1,1,204,68.0,1,C,medium
923,923,0,2,0,0,1,54,65,65,1,1,1,184,62.0,1,C,medium
924,924,1,4,2,0,1,74,70,69,1,1,1,213,71.0,1,B,medium
925,925,1,5,5,1,0,74,64,60,1,1,1,198,66.0,1,C,medium
926,926,1,5,0,0,1,64,56,52,1,1,1,172,58.0,1,D,bad
927,927,0,4,2,0,0,65,61,71,1,1,1,197,66.0,1,C,medium
928,928,1,5,0,0,0,46,43,44,1,1,1,133,45.0,1,D,bad
929,929,0,3,5,0,1,48,56,51,1,1,1,155,52.0,1,D,bad
930,930,1,3,4,0,0,67,74,70,1,1,1,211,71.0,1,B,medium
931,931,1,4,4,0,1,62,57,62,1,1,1,181,61.0,1,C,medium
932,932,1,4,0,0,0,61,71,73,1,1,1,205,69.0,1,C,medium
933,933,1,3,1,0,0,70,75,74,1,1,1,219,73.0,1,B,medium
934,934,1,3,0,1,0,98,87,90,1,1,1,275,92.0,1,O,good
935,935,1,4,4,0,1,70,63,58,1,1,1,191,64.0,1,C,medium
936,936,1,1,0,1,1,67,57,53,1,1,1,177,59.0,1,D,medium
937,937,0,5,2,0,1,57,58,57,1,1,1,172,58.0,1,D,bad
938,938,1,4,4,1,0,85,81,85,1,1,1,251,84.0,1,A,good
939,939,1,4,5,1,0,77,68,69,1,1,1,214,72.0,1,B,medium
940,940,1,3,3,0,0,72,66,72,1,1,1,210,70.0,1,B,medium
941,941,0,4,3,1,1,78,91,96,1,1,1,265,89.0,1,A,good
942,942,1,3,2,1,1,81,66,64,1,1,1,211,71.0,1,B,medium
943,943,1,1,5,0,0,61,62,61,1,1,1,184,62.0,1,C,medium
944,944,0,2,2,1,1,58,68,61,1,1,1,187,63.0,1,C,medium
945,945,0,3,0,1,1,54,61,58,1,1,1,173,58.0,1,D,bad
946,946,1,2,2,1,1,82,82,80,1,1,1,244,82.0,1,A,good
947,947,0,4,4,0,1,49,58,60,1,1,1,167,56.0,1,D,bad
948,948,1,2,5,0,0,49,50,52,1,1,1,151,51.0,1,D,bad
949,949,0,5,2,0,0,57,75,73,1,1,1,205,69.0,1,C,medium
950,950,1,5,2,1,1,94,73,71,1,1,1,238,80.0,1,A,good
951,951,0,4,4,1,0,75,77,83,1,1,1,235,79.0,1,B,good
952,952,0,5,5,0,1,74,74,72,1,1,1,220,74.0,1,B,medium
953,953,1,3,2,1,0,58,52,54,1,1,1,164,55.0,1,D,bad
954,954,0,3,4,1,1,62,69,69,1,1,1,200,67.0,1,C,medium
955,955,1,5,0,1,1,72,57,62,1,1,1,191,64.0,1,C,medium
956,956,1,3,4,1,1,84,87,81,1,1,1,252,84.0,1,A,good
957,957,0,4,3,1,1,92,100,100,1,1,1,292,98.0,1,O,good
958,958,0,4,2,1,1,45,63,59,1,1,1,167,56.0,1,D,bad
959,959,1,3,2,1,1,75,81,71,1,1,1,227,76.0,1,B,good
960,960,0,1,4,1,1,56,58,64,1,1,1,178,60.0,1,C,medium
961,961,0,4,5,0,1,48,54,53,1,1,1,155,52.0,1,D,bad
962,962,0,5,0,1,1,100,100,100,1,1,1,300,100.0,1,O,good
963,963,0,3,5,0,0,65,76,75,1,1,1,216,72.0,1,B,medium
964,964,1,4,4,1,1,72,57,58,1,1,1,187,63.0,1,C,medium
965,965,0,4,4,1,1,62,70,72,1,1,1,204,68.0,1,C,medium
966,966,1,1,5,1,0,66,68,64,1,1,1,198,66.0,1,C,medium
967,967,1,3,4,1,1,63,63,60,1,1,1,186,62.0,1,C,medium
968,968,0,5,0,1,1,68,76,67,1,1,1,211,71.0,1,B,medium
969,969,0,2,1,1,1,75,84,80,1,1,1,239,80.0,1,A,good
970,970,0,4,1,1,1,89,100,100,1,1,1,289,97.0,1,O,good
971,971,1,3,5,1,0,78,72,69,1,1,1,219,73.0,1,B,medium
972,972,0,1,2,0,0,53,50,60,1,1,1,163,55.0,1,D,bad
973,973,0,4,4,0,1,49,65,61,1,1,1,175,59.0,1,D,medium
974,974,0,1,4,1,1,54,63,67,1,1,1,184,62.0,1,C,medium
975,975,0,3,4,1,0,64,82,77,1,1,1,223,75.0,1,B,medium
976,976,1,2,4,0,0,60,62,60,1,1,1,182,61.0,1,C,medium
977,977,1,3,0,1,1,62,65,58,1,1,1,185,62.0,1,C,medium
978,978,1,4,2,1,0,55,41,48,1,1,1,144,48.0,1,D,bad
979,979,0,3,0,1,1,91,95,94,1,1,1,280,94.0,1,O,good
980,980,0,2,2,0,1,8,24,23,0,0,0,55,19.0,0,E,bad
981,981,1,4,5,1,1,81,78,78,1,1,1,237,79.0,1,B,good
982,982,1,2,5,1,0,79,85,86,1,1,1,250,84.0,1,A,good
983,983,0,1,4,1,0,78,87,91,1,1,1,256,86.0,1,A,good
984,984,0,3,5,1,1,74,75,82,1,1,1,231,77.0,1,B,good
985,985,1,1,2,1,1,57,51,54,1,1,1,162,54.0,1,D,bad
986,986,0,3,0,1,1,40,59,51,1,1,1,150,50.0,1,D,bad
987,987,1,5,5,1,0,81,75,76,1,1,1,232,78.0,1,B,good
988,988,0,1,5,0,1,44,45,45,1,1,1,134,45.0,1,D,bad
989,989,0,4,4,0,0,67,86,83,1,1,1,236,79.0,1,B,good
990,990,1,5,2,0,0,86,81,75,1,1,1,242,81.0,1,A,good
991,991,0,2,5,1,0,65,82,78,1,1,1,225,75.0,1,B,medium
992,992,0,4,0,0,1,55,76,76,1,1,1,207,69.0,1,C,medium
993,993,0,4,1,0,1,62,72,74,1,1,1,208,70.0,1,B,medium
994,994,1,1,2,1,1,63,63,62,1,1,1,188,63.0,1,C,medium
995,995,0,5,3,1,0,88,99,95,1,1,1,282,94.0,1,O,good
996,996,1,3,2,0,1,62,55,55,1,1,1,172,58.0,1,D,bad
997,997,0,3,2,0,0,59,71,65,1,1,1,195,65.0,1,C,medium
998,998,0,4,4,1,0,68,78,77,1,1,1,223,75.0,1,B,medium
999,999,0,4,4,0,1,77,86,86,1,1,1,249,83.0,1,A,good
