,gender,race/ethnicity,parental level of education,lunch,test preparation course,math score,reading score,writing score,pass_math,pass_reading,pass_writing,total_score,percentage,status,grades
0,0,2,1,1,1,72,72,74,1,1,1,218,73.0,1,B
1,0,3,4,1,0,69,90,88,1,1,1,247,83.0,1,A
2,0,2,3,1,1,90,95,93,1,1,1,278,93.0,1,O
3,1,1,0,0,1,47,57,44,1,1,1,148,50.0,1,D
4,1,3,4,1,1,76,78,75,1,1,1,229,77.0,1,B
5,0,2,0,1,1,71,83,78,1,1,1,232,78.0,1,B
6,0,2,4,1,0,88,95,92,1,1,1,275,92.0,1,O
7,1,2,4,0,1,40,43,39,1,1,0,122,41.0,0,E
8,1,4,2,0,0,64,64,67,1,1,1,195,65.0,1,C
9,0,2,2,0,1,38,60,50,0,1,1,148,50.0,0,E
10,1,3,0,1,1,58,54,52,1,1,1,164,55.0,1,D
11,1,4,0,1,1,40,52,43,1,1,1,135,45.0,1,D
12,0,2,2,1,1,65,81,73,1,1,1,219,73.0,1,B
13,1,1,4,1,0,78,72,70,1,1,1,220,74.0,1,B
14,0,1,3,1,1,50,53,58,1,1,1,161,54.0,1,D
15,0,3,5,1,1,69,75,78,1,1,1,222,74.0,1,B
16,1,3,2,1,1,88,89,86,1,1,1,263,88.0,1,A
17,0,2,5,0,1,18,32,28,0,0,0,78,26.0,0,E
18,1,3,3,0,0,46,42,46,1,1,1,134,45.0,1,D
19,0,3,0,0,1,54,58,61,1,1,1,173,58.0,1,D
20,1,4,2,1,1,66,69,63,1,1,1,198,66.0,1,C
21,0,2,4,0,0,65,75,70,1,1,1,210,70.0,1,B
22,1,4,4,1,1,44,54,53,1,1,1,151,51.0,1,D
23,0,3,5,1,1,69,73,73,1,1,1,215,72.0,1,B
24,1,4,1,0,0,74,71,80,1,1,1,225,75.0,1,B
25,1,1,3,0,1,73,74,72,1,1,1,219,73.0,1,B
26,1,2,4,1,1,69,54,55,1,1,1,178,60.0,1,C
27,0,3,1,1,1,67,69,75,1,1,1,211,71.0,1,B
28,1,3,2,1,1,70,70,65,1,1,1,205,69.0,1,C
29,0,4,3,1,1,62,70,75,1,1,1,207,69.0,1,C
30,0,4,4,1,1,69,74,74,1,1,1,217,73.0,1,B
31,0,2,4,1,1,63,65,61,1,1,1,189,63.0,1,C
32,0,5,3,0,1,56,72,65,1,1,1,193,65.0,1,C
33,1,4,4,1,1,40,42,38,1,1,0,120,40.0,0,E
34,1,5,4,1,1,97,87,82,1,1,1,266,89.0,1,A
35,1,5,0,1,0,81,81,79,1,1,1,241,81.0,1,A
36,0,4,0,1,1,74,81,83,1,1,1,238,80.0,1,A
37,0,4,5,0,1,50,64,59,1,1,1,173,58.0,1,D
38,0,4,0,0,0,75,90,88,1,1,1,253,85.0,1,A
39,1,2,0,0,1,57,56,57,1,1,1,170,57.0,1,D
40,1,3,0,0,1,55,61,54,1,1,1,170,57.0,1,D
41,0,3,0,1,1,58,73,68,1,1,1,199,67.0,1,C
42,0,2,0,1,1,53,58,65,1,1,1,176,59.0,1,D
43,1,2,4,0,0,59,65,66,1,1,1,190,64.0,1,C
44,0,5,0,0,1,50,56,54,1,1,1,160,54.0,1,D
45,1,2,0,1,1,65,54,57,1,1,1,176,59.0,1,D
46,0,1,0,1,0,55,65,62,1,1,1,182,61.0,1,C
47,0,3,2,1,1,66,71,76,1,1,1,213,71.0,1,B
48,0,4,0,0,0,57,74,76,1,1,1,207,69.0,1,C
49,1,3,2,1,0,82,84,82,1,1,1,248,83.0,1,A
50,1,5,4,1,1,53,55,48,1,1,1,156,52.0,1,D
51,1,5,0,0,0,77,69,68,1,1,1,214,72.0,1,B
52,1,3,4,1,1,53,44,42,1,1,1,139,47.0,1,D
53,1,4,2,1,1,88,78,75,1,1,1,241,81.0,1,A
54,0,3,5,0,0,71,84,87,1,1,1,242,81.0,1,A
55,0,3,2,0,1,33,41,43,0,1,1,117,39.0,0,E
56,0,5,0,1,0,82,85,86,1,1,1,253,85.0,1,A
57,1,4,0,1,1,52,55,49,1,1,1,156,52.0,1,D
58,1,4,4,1,0,58,59,58,1,1,1,175,59.0,1,D
59,0,3,5,0,1,0,17,10,0,0,0,27,9.0,0,E
60,1,5,1,0,0,79,74,72,1,1,1,225,75.0,1,B
61,1,1,5,0,1,39,39,34,0,0,0,112,38.0,0,E
62,1,1,0,0,1,62,61,55,1,1,1,178,60.0,1,C
63,0,3,0,1,1,69,80,71,1,1,1,220,74.0,1,B
64,0,4,5,1,1,59,58,59,1,1,1,176,59.0,1,D
65,1,2,5,1,1,67,64,61,1,1,1,192,64.0,1,C
66,1,4,5,0,1,45,37,37,1,0,0,119,40.0,0,E
67,0,3,4,1,1,60,72,74,1,1,1,206,69.0,1,C
68,1,2,0,0,1,61,58,56,1,1,1,175,59.0,1,D
69,0,3,0,1,1,39,64,57,0,1,1,160,54.0,0,E
70,0,4,4,0,0,58,63,73,1,1,1,194,65.0,1,C
71,1,4,4,1,0,63,55,63,1,1,1,181,61.0,1,C
72,0,1,0,0,1,41,51,48,1,1,1,140,47.0,1,D
73,1,3,5,0,1,61,57,56,1,1,1,174,58.0,1,D
74,1,3,5,1,1,49,49,41,1,1,1,139,47.0,1,D
75,1,2,0,0,1,44,41,38,1,1,0,123,41.0,0,E
76,1,5,5,1,1,30,26,22,0,0,0,78,26.0,0,E
77,1,1,1,1,0,80,78,81,1,1,1,239,80.0,1,A
78,0,4,5,1,0,61,74,72,1,1,1,207,69.0,1,C
79,0,5,3,1,1,62,68,68,1,1,1,198,66.0,1,C
80,0,2,0,1,1,47,49,50,1,1,1,146,49.0,1,D
81,1,2,2,0,1,49,45,45,1,1,1,139,47.0,1,D
82,1,1,4,0,0,50,47,54,1,1,1,151,51.0,1,D
83,1,5,0,1,1,72,64,63,1,1,1,199,67.0,1,C
84,1,4,2,0,1,42,39,34,1,0,0,115,39.0,0,E
85,0,3,4,1,1,73,80,82,1,1,1,235,79.0,1,B
86,0,3,4,0,1,76,83,88,1,1,1,247,83.0,1,A
87,0,4,0,1,1,71,71,74,1,1,1,216,72.0,1,B
88,0,1,4,1,1,58,70,67,1,1,1,195,65.0,1,C
89,0,4,5,1,1,73,86,82,1,1,1,241,81.0,1,A
90,0,3,1,1,1,65,72,74,1,1,1,211,71.0,1,B
91,1,3,2,0,1,27,34,36,0,0,0,97,33.0,0,E
92,1,3,2,1,1,71,79,71,1,1,1,221,74.0,1,B
93,1,3,0,0,0,43,45,50,1,1,1,138,46.0,1,D
94,0,2,4,1,1,79,86,92,1,1,1,257,86.0,1,A
95,1,3,0,0,0,78,81,82,1,1,1,241,81.0,1,A
96,1,2,5,1,0,65,66,62,1,1,1,193,65.0,1,C
97,0,5,4,1,0,63,72,70,1,1,1,205,69.0,1,C
98,0,4,4,0,1,58,67,62,1,1,1,187,63.0,1,C
99,0,4,1,1,1,65,67,62,1,1,1,194,65.0,1,C
100,1,2,4,1,1,79,67,67,1,1,1,213,71.0,1,B
101,1,4,1,1,0,68,74,74,1,1,1,216,72.0,1,B
102,0,4,0,1,1,85,91,89,1,1,1,265,89.0,1,A
103,1,2,2,1,0,60,44,47,1,1,1,151,51.0,1,D
104,1,3,4,1,0,98,86,90,1,1,1,274,92.0,1,O
105,0,3,4,1,1,58,67,72,1,1,1,197,66.0,1,C
106,0,4,3,1,1,87,100,100,1,1,1,287,96.0,1,O
107,1,5,0,1,0,66,63,64,1,1,1,193,65.0,1,C
108,0,2,0,0,1,52,76,70,1,1,1,198,66.0,1,C
109,0,2,5,1,1,70,64,72,1,1,1,206,69.0,1,C
110,0,4,0,0,0,77,89,98,1,1,1,264,88.0,1,A
111,1,3,2,1,1,62,55,49,1,1,1,166,56.0,1,D
112,1,1,0,1,1,54,53,47,1,1,1,154,52.0,1,D
113,0,4,4,1,1,51,58,54,1,1,1,163,55.0,1,D
114,0,5,1,1,0,99,100,100,1,1,1,299,100.0,1,O
115,1,3,2,1,1,84,77,74,1,1,1,235,79.0,1,B
116,0,2,1,0,1,75,85,82,1,1,1,242,81.0,1,A
117,0,4,1,1,1,78,82,79,1,1,1,239,80.0,1,A
118,0,4,5,1,1,51,63,61,1,1,1,175,59.0,1,D
119,0,3,4,1,1,55,69,65,1,1,1,189,63.0,1,C
120,0,3,1,1,0,79,92,89,1,1,1,260,87.0,1,A
121,1,2,0,1,0,91,89,92,1,1,1,272,91.0,1,O
122,0,3,4,1,0,88,93,93,1,1,1,274,92.0,1,O
123,1,4,2,0,1,63,57,56,1,1,1,176,59.0,1,D
124,1,5,4,1,1,83,80,73,1,1,1,236,79.0,1,B
125,0,2,2,1,1,87,95,86,1,1,1,268,90.0,1,O
126,1,2,5,1,1,72,68,67,1,1,1,207,69.0,1,C
127,1,4,4,1,0,65,77,74,1,1,1,216,72.0,1,B
128,1,4,3,1,1,82,82,74,1,1,1,238,80.0,1,A
129,0,1,1,1,1,51,49,51,1,1,1,151,51.0,1,D
130,1,4,3,1,1,89,84,82,1,1,1,255,85.0,1,A
131,1,3,5,0,0,53,37,40,1,0,1,130,44.0,0,E
132,1,5,4,0,0,87,74,70,1,1,1,231,77.0,1,B
133,0,3,4,1,0,75,81,84,1,1,1,240,80.0,1,A
134,1,4,1,0,0,74,79,75,1,1,1,228,76.0,1,B
135,1,3,1,1,1,58,55,48,1,1,1,161,54.0,1,D
136,1,2,5,1,0,51,54,41,1,1,1,146,49.0,1,D
137,1,5,2,1,1,70,55,56,1,1,1,181,61.0,1,C
138,0,3,0,1,1,59,66,67,1,1,1,192,64.0,1,C
139,1,4,4,1,0,71,61,69,1,1,1,201,67.0,1,C
140,0,4,5,1,1,76,72,71,1,1,1,219,73.0,1,B
141,0,3,4,0,1,59,62,64,1,1,1,185,62.0,1,C
142,0,5,4,0,0,42,55,54,1,1,1,151,51.0,1,D
143,1,1,2,1,1,57,43,47,1,1,1,147,49.0,1,D
144,1,4,4,1,1,88,73,78,1,1,1,239,80.0,1,A
145,0,3,4,0,1,22,39,33,0,0,0,94,32.0,0,E
146,1,2,5,1,1,88,84,75,1,1,1,247,83.0,1,A
147,1,3,0,0,1,73,68,66,1,1,1,207,69.0,1,C
148,0,4,1,1,0,68,75,81,1,1,1,224,75.0,1,B
149,1,5,0,0,0,100,100,93,1,1,1,293,98.0,1,O
150,1,1,5,1,0,62,67,69,1,1,1,198,66.0,1,C
151,1,1,1,1,1,77,67,68,1,1,1,212,71.0,1,B
152,0,2,0,1,0,59,70,66,1,1,1,195,65.0,1,C
153,1,4,1,1,1,54,49,47,1,1,1,150,50.0,1,D
154,1,4,5,1,1,62,67,61,1,1,1,190,64.0,1,C
155,0,3,4,1,0,70,89,88,1,1,1,247,83.0,1,A
156,0,5,2,0,0,66,74,78,1,1,1,218,73.0,1,B
157,1,2,4,0,1,60,60,60,1,1,1,180,60.0,1,C
158,0,2,0,1,0,61,86,87,1,1,1,234,78.0,1,B
159,1,4,0,0,1,66,62,64,1,1,1,192,64.0,1,C
160,1,2,0,0,0,82,78,74,1,1,1,234,78.0,1,B
161,0,5,4,0,0,75,88,85,1,1,1,248,83.0,1,A
162,1,2,3,0,1,49,53,52,1,1,1,154,52.0,1,D
163,1,3,2,1,1,52,53,49,1,1,1,154,52.0,1,D
164,0,5,3,1,1,81,92,91,1,1,1,264,88.0,1,A
165,0,3,1,1,0,96,100,100,1,1,1,296,99.0,1,O
166,1,3,2,0,0,53,51,51,1,1,1,155,52.0,1,D
167,0,2,3,0,0,58,76,78,1,1,1,212,71.0,1,B
168,0,2,2,1,0,68,83,78,1,1,1,229,77.0,1,B
169,0,3,4,0,0,67,75,70,1,1,1,212,71.0,1,B
170,1,1,2,1,0,72,73,74,1,1,1,219,73.0,1,B
171,1,5,5,1,1,94,88,78,1,1,1,260,87.0,1,A
172,0,4,4,1,1,79,86,81,1,1,1,246,82.0,1,A
173,0,3,0,1,1,63,67,70,1,1,1,200,67.0,1,C
174,0,3,1,0,0,43,51,54,1,1,1,148,50.0,1,D
175,0,3,3,1,0,81,91,87,1,1,1,259,87.0,1,A
176,0,2,2,0,0,46,54,58,1,1,1,158,53.0,1,D
177,0,3,0,1,0,71,77,77,1,1,1,225,75.0,1,B
178,0,2,3,0,0,52,70,62,1,1,1,184,62.0,1,C
179,0,4,5,1,0,97,100,100,1,1,1,297,99.0,1,O
180,1,3,3,0,0,62,68,75,1,1,1,205,69.0,1,C
181,0,3,4,0,1,46,64,66,1,1,1,176,59.0,1,D
182,0,5,2,1,1,50,50,47,1,1,1,147,49.0,1,D
183,0,4,0,1,1,65,69,70,1,1,1,204,68.0,1,C
184,1,3,5,0,0,45,52,49,1,1,1,146,49.0,1,D
185,1,3,0,0,0,65,67,65,1,1,1,197,66.0,1,C
186,1,5,2,1,1,80,76,65,1,1,1,221,74.0,1,B
187,1,4,5,1,0,62,66,68,1,1,1,196,66.0,1,C
188,1,2,5,0,1,48,52,45,1,1,1,145,49.0,1,D
189,0,3,1,1,1,77,88,87,1,1,1,252,84.0,1,A
190,0,5,0,1,1,66,65,69,1,1,1,200,67.0,1,C
191,1,4,4,1,0,76,83,79,1,1,1,238,80.0,1,A
192,0,2,5,1,1,62,64,66,1,1,1,192,64.0,1,C
193,1,4,4,1,0,77,62,62,1,1,1,201,67.0,1,C
194,0,3,3,1,0,69,84,85,1,1,1,238,80.0,1,A
195,1,4,0,1,1,61,55,52,1,1,1,168,56.0,1,D
196,1,3,5,0,0,59,69,65,1,1,1,193,65.0,1,C
197,1,5,2,0,1,55,56,51,1,1,1,162,54.0,1,D
198,0,2,4,0,1,45,53,55,1,1,1,153,51.0,1,D
199,0,2,1,0,1,78,79,76,1,1,1,233,78.0,1,B
200,0,3,0,1,0,67,84,86,1,1,1,237,79.0,1,B
201,0,4,4,0,1,65,81,77,1,1,1,223,75.0,1,B
202,1,3,0,1,1,69,77,69,1,1,1,215,72.0,1,B
203,0,2,0,1,1,57,69,68,1,1,1,194,65.0,1,C
204,1,3,4,1,1,59,41,42,1,1,1,142,48.0,1,D
205,1,4,5,1,0,74,71,78,1,1,1,223,75.0,1,B
206,1,5,1,1,1,82,62,62,1,1,1,206,69.0,1,C
207,1,5,2,1,0,81,80,76,1,1,1,237,79.0,1,B
208,0,2,4,0,1,74,81,76,1,1,1,231,77.0,1,B
209,0,2,4,0,1,58,61,66,1,1,1,185,62.0,1,C
210,1,4,5,0,0,80,79,79,1,1,1,238,80.0,1,A
211,1,3,4,0,1,35,28,27,0,0,0,90,30.0,0,E
212,0,3,2,0,1,42,62,60,1,1,1,164,55.0,1,D
213,1,3,0,0,0,60,51,56,1,1,1,167,56.0,1,D
214,1,5,2,1,0,87,91,81,1,1,1,259,87.0,1,A
215,1,2,5,1,0,84,83,75,1,1,1,242,81.0,1,A
216,0,5,0,0,0,83,86,88,1,1,1,257,86.0,1,A
217,0,3,2,0,1,34,42,39,0,1,0,115,39.0,0,E
218,1,2,2,0,1,66,77,70,1,1,1,213,71.0,1,B
219,1,2,5,1,0,61,56,56,1,1,1,173,58.0,1,D
220,0,4,2,1,0,56,68,74,1,1,1,198,66.0,1,C
221,1,2,0,1,1,87,85,73,1,1,1,245,82.0,1,A
222,0,3,5,0,1,55,65,62,1,1,1,182,61.0,1,C
223,1,4,5,1,1,86,80,75,1,1,1,241,81.0,1,A
224,0,2,0,1,0,52,66,73,1,1,1,191,64.0,1,C
225,0,5,3,0,1,45,56,54,1,1,1,155,52.0,1,D
226,0,3,4,1,1,72,72,71,1,1,1,215,72.0,1,B
227,1,4,2,1,1,57,50,54,1,1,1,161,54.0,1,D
228,1,1,5,0,1,68,72,64,1,1,1,204,68.0,1,C
229,0,3,4,1,0,88,95,94,1,1,1,277,93.0,1,O
230,1,4,4,1,1,76,64,66,1,1,1,206,69.0,1,C
231,1,3,0,1,1,46,43,42,1,1,1,131,44.0,1,D
232,0,2,1,1,1,67,86,83,1,1,1,236,79.0,1,B
233,1,5,5,1,1,92,87,78,1,1,1,257,86.0,1,A
234,1,3,1,1,0,83,82,84,1,1,1,249,83.0,1,A
235,1,4,0,1,1,80,75,77,1,1,1,232,78.0,1,B
236,1,4,1,0,1,63,66,67,1,1,1,196,66.0,1,C
237,0,4,5,1,0,64,60,74,1,1,1,198,66.0,1,C
238,1,2,4,1,1,54,52,51,1,1,1,157,53.0,1,D
239,1,3,0,1,1,84,80,80,1,1,1,244,82.0,1,A
240,1,4,2,0,0,73,68,66,1,1,1,207,69.0,1,C
241,0,5,1,1,1,80,83,83,1,1,1,246,82.0,1,A
242,0,4,2,1,1,56,52,55,1,1,1,163,55.0,1,D
243,1,5,4,1,1,59,51,43,1,1,1,153,51.0,1,D
244,1,4,5,1,1,75,74,69,1,1,1,218,73.0,1,B
245,1,3,0,1,1,85,76,71,1,1,1,232,78.0,1,B
246,1,5,0,1,1,89,76,74,1,1,1,239,80.0,1,A
247,0,2,2,1,0,58,70,68,1,1,1,196,66.0,1,C
248,0,2,2,1,1,65,64,62,1,1,1,191,64.0,1,C
249,1,3,2,1,1,68,60,53,1,1,1,181,61.0,1,C
250,1,1,5,1,0,47,49,49,1,1,1,145,49.0,1,D
251,0,4,4,0,1,71,83,83,1,1,1,237,79.0,1,B
252,0,2,5,1,0,60,70,70,1,1,1,200,67.0,1,C
253,1,4,3,1,1,80,80,72,1,1,1,232,78.0,1,B
254,1,4,2,1,1,54,52,52,1,1,1,158,53.0,1,D
255,0,5,4,1,1,62,73,70,1,1,1,205,69.0,1,C
256,0,3,0,0,1,64,73,68,1,1,1,205,69.0,1,C
257,1,3,0,1,0,78,77,77,1,1,1,232,78.0,1,B
258,0,2,4,1,1,70,75,78,1,1,1,223,75.0,1,B
259,0,3,3,0,0,65,81,81,1,1,1,227,76.0,1,B
260,0,3,5,0,0,64,79,77,1,1,1,220,74.0,1,B
261,1,3,4,1,0,79,79,78,1,1,1,236,79.0,1,B
262,0,3,5,0,1,44,50,51,1,1,1,145,49.0,1,D
263,0,5,2,1,1,99,93,90,1,1,1,282,94.0,1,O
264,1,4,2,1,1,76,73,68,1,1,1,217,73.0,1,B
265,1,4,5,0,1,59,42,41,1,1,1,142,48.0,1,D
266,0,3,1,1,1,63,75,81,1,1,1,219,73.0,1,B
267,0,4,2,1,1,69,72,77,1,1,1,218,73.0,1,B
268,0,4,0,1,0,88,92,95,1,1,1,275,92.0,1,O
269,0,5,4,0,1,71,76,70,1,1,1,217,73.0,1,B
270,1,3,1,1,1,69,63,61,1,1,1,193,65.0,1,C
271,1,3,4,1,1,58,49,42,1,1,1,149,50.0,1,D
272,0,4,0,0,1,47,53,58,1,1,1,158,53.0,1,D
273,0,4,4,1,1,65,70,71,1,1,1,206,69.0,1,C
274,1,2,4,1,0,88,85,76,1,1,1,249,83.0,1,A
275,1,3,1,1,1,83,78,73,1,1,1,234,78.0,1,B
276,0,3,5,1,0,85,92,93,1,1,1,270,90.0,1,O
277,0,5,2,1,0,59,63,75,1,1,1,197,66.0,1,C
278,0,3,5,0,1,65,86,80,1,1,1,231,77.0,1,B
279,1,2,1,0,1,73,56,57,1,1,1,186,62.0,1,C
280,1,4,2,1,1,53,52,42,1,1,1,147,49.0,1,D
281,1,4,2,1,1,45,48,46,1,1,1,139,47.0,1,D
282,0,4,1,0,1,73,79,84,1,1,1,236,79.0,1,B
283,0,4,4,0,0,70,78,78,1,1,1,226,76.0,1,B
284,0,2,5,1,1,37,46,46,0,1,1,129,43.0,0,E
285,1,2,0,1,0,81,82,82,1,1,1,245,82.0,1,A
286,1,5,0,1,0,97,82,88,1,1,1,267,89.0,1,A
287,0,2,5,1,1,67,89,82,1,1,1,238,80.0,1,A
288,1,2,1,0,1,88,75,76,1,1,1,239,80.0,1,A
289,1,5,5,1,0,77,76,77,1,1,1,230,77.0,1,B
290,1,3,0,1,1,76,70,68,1,1,1,214,72.0,1,B
291,1,4,5,1,1,86,73,70,1,1,1,229,77.0,1,B
292,1,3,5,1,0,63,60,57,1,1,1,180,60.0,1,C
293,0,5,1,1,1,65,73,75,1,1,1,213,71.0,1,B
294,1,4,2,0,0,78,77,80,1,1,1,235,79.0,1,B
295,1,2,0,0,1,67,62,60,1,1,1,189,63.0,1,C
296,1,1,5,1,0,46,41,43,1,1,1,130,44.0,1,D
297,1,5,0,1,0,71,74,68,1,1,1,213,71.0,1,B
298,1,3,2,0,0,40,46,50,1,1,1,136,46.0,1,D
299,1,4,0,0,1,90,87,75,1,1,1,252,84.0,1,A
300,1,1,4,0,0,81,78,81,1,1,1,240,80.0,1,A
301,1,4,5,0,1,56,54,52,1,1,1,162,54.0,1,D
302,0,3,0,1,0,67,84,81,1,1,1,232,78.0,1,B
303,1,2,0,1,1,80,76,64,1,1,1,220,74.0,1,B
304,0,3,0,1,0,74,75,83,1,1,1,232,78.0,1,B
305,1,1,4,1,1,69,67,69,1,1,1,205,69.0,1,C
306,1,5,4,1,0,99,87,81,1,1,1,267,89.0,1,A
307,1,3,5,1,1,51,52,44,1,1,1,147,49.0,1,D
308,0,2,0,0,1,53,71,67,1,1,1,191,64.0,1,C
309,0,4,2,0,1,49,57,52,1,1,1,158,53.0,1,D
310,0,2,0,1,1,73,76,80,1,1,1,229,77.0,1,B
311,1,2,1,1,1,66,60,57,1,1,1,183,61.0,1,C
312,1,4,1,1,0,67,61,68,1,1,1,196,66.0,1,C
313,0,3,0,0,0,68,67,69,1,1,1,204,68.0,1,C
314,0,3,1,1,0,59,64,75,1,1,1,198,66.0,1,C
315,1,3,2,1,1,71,66,65,1,1,1,202,68.0,1,C
316,0,4,3,1,0,77,82,91,1,1,1,250,84.0,1,A
317,1,3,0,1,1,83,72,78,1,1,1,233,78.0,1,B
318,1,2,1,1,1,63,71,69,1,1,1,203,68.0,1,C
319,0,4,0,0,1,56,65,63,1,1,1,184,62.0,1,C
320,0,3,2,0,0,67,79,84,1,1,1,230,77.0,1,B
321,0,5,2,1,1,75,86,79,1,1,1,240,80.0,1,A
322,0,3,4,1,1,71,81,80,1,1,1,232,78.0,1,B
323,0,3,5,0,1,43,53,53,1,1,1,149,50.0,1,D
324,0,3,2,0,1,41,46,43,1,1,1,130,44.0,1,D
325,0,3,4,1,1,82,90,94,1,1,1,266,89.0,1,A
326,1,3,4,1,1,61,61,62,1,1,1,184,62.0,1,C
327,1,1,4,0,1,28,23,19,0,0,0,70,24.0,0,E
328,1,3,0,1,0,82,75,77,1,1,1,234,78.0,1,B
329,0,2,5,1,1,41,55,51,1,1,1,147,49.0,1,D
330,1,3,2,1,1,71,60,61,1,1,1,192,64.0,1,C
331,1,3,0,1,1,47,37,35,1,0,0,119,40.0,0,E
332,1,5,0,1,0,62,56,53,1,1,1,171,57.0,1,D
333,1,2,0,1,1,90,78,81,1,1,1,249,83.0,1,A
334,0,3,1,1,1,83,93,95,1,1,1,271,91.0,1,O
335,0,2,4,0,1,61,68,66,1,1,1,195,65.0,1,C
336,1,4,5,1,0,76,70,69,1,1,1,215,72.0,1,B
337,1,3,0,1,1,49,51,43,1,1,1,143,48.0,1,D
338,0,2,5,0,1,24,38,27,0,0,0,89,30.0,0,E
339,0,4,5,0,0,35,55,60,0,1,1,150,50.0,0,E
340,1,3,2,0,1,58,61,52,1,1,1,171,57.0,1,D
341,0,3,2,1,1,61,73,63,1,1,1,197,66.0,1,C
342,0,2,2,1,0,69,76,74,1,1,1,219,73.0,1,B
343,1,4,0,1,0,67,72,67,1,1,1,206,69.0,1,C
344,1,4,4,1,1,79,73,67,1,1,1,219,73.0,1,B
345,0,3,2,1,1,72,80,75,1,1,1,227,76.0,1,B
346,1,2,4,1,1,62,61,57,1,1,1,180,60.0,1,C
347,0,3,1,1,0,77,94,95,1,1,1,266,89.0,1,A
348,1,4,2,0,1,75,74,66,1,1,1,215,72.0,1,B
349,1,5,0,1,1,87,74,76,1,1,1,237,79.0,1,B
350,0,2,1,1,1,52,65,69,1,1,1,186,62.0,1,C
351,1,5,4,1,1,66,57,52,1,1,1,175,59.0,1,D
352,0,3,4,1,0,63,78,80,1,1,1,221,74.0,1,B
353,0,3,0,1,1,46,58,57,1,1,1,161,54.0,1,D
354,0,3,4,1,1,59,71,70,1,1,1,200,67.0,1,C
355,0,2,1,1,1,61,72,70,1,1,1,203,68.0,1,C
356,1,1,0,1,1,63,61,61,1,1,1,185,62.0,1,C
357,0,3,4,0,0,42,66,69,1,1,1,177,59.0,1,D
358,1,4,4,0,1,59,62,61,1,1,1,182,61.0,1,C
359,0,4,4,1,1,80,90,89,1,1,1,259,87.0,1,A
360,0,2,2,1,1,58,62,59,1,1,1,179,60.0,1,C
361,1,2,5,1,0,85,84,78,1,1,1,247,83.0,1,A
362,0,3,4,1,1,52,58,58,1,1,1,168,56.0,1,D
363,0,4,5,0,1,27,34,32,0,0,0,93,31.0,0,E
364,1,3,4,1,1,59,60,58,1,1,1,177,59.0,1,D
365,1,1,1,0,0,49,58,60,1,1,1,167,56.0,1,D
366,1,3,2,1,0,69,58,53,1,1,1,180,60.0,1,C
367,1,3,1,0,1,61,66,61,1,1,1,188,63.0,1,C
368,0,1,5,0,1,44,64,58,1,1,1,166,56.0,1,D
369,0,4,5,1,1,73,84,85,1,1,1,242,81.0,1,A
370,1,5,4,1,1,84,77,71,1,1,1,232,78.0,1,B
371,0,3,4,0,0,45,73,70,1,1,1,188,63.0,1,C
372,1,4,5,1,1,74,74,72,1,1,1,220,74.0,1,B
373,0,4,4,1,0,82,97,96,1,1,1,275,92.0,1,O
374,0,4,1,1,1,59,70,73,1,1,1,202,68.0,1,C
375,1,5,0,0,1,46,43,41,1,1,1,130,44.0,1,D
376,0,4,5,1,1,80,90,82,1,1,1,252,84.0,1,A
377,0,4,3,0,0,85,95,100,1,1,1,280,94.0,1,O
378,0,1,5,1,1,71,83,77,1,1,1,231,77.0,1,B
379,1,1,1,1,1,66,64,62,1,1,1,192,64.0,1,C
380,0,2,0,1,1,80,86,83,1,1,1,249,83.0,1,A
381,1,3,0,1,0,87,100,95,1,1,1,282,94.0,1,O
382,1,3,3,0,1,79,81,71,1,1,1,231,77.0,1,B
383,0,5,5,0,1,38,49,45,0,1,1,132,44.0,0,E
384,0,1,5,0,1,38,43,43,0,1,1,124,42.0,0,E
385,0,5,4,1,1,67,76,75,1,1,1,218,73.0,1,B
386,0,5,1,1,1,64,73,70,1,1,1,207,69.0,1,C
387,0,3,0,0,1,57,78,67,1,1,1,202,68.0,1,C
388,0,4,2,1,1,62,64,64,1,1,1,190,64.0,1,C
389,1,4,3,1,1,73,70,75,1,1,1,218,73.0,1,B
390,1,5,5,0,0,73,67,59,1,1,1,199,67.0,1,C
391,0,4,4,1,1,77,68,77,1,1,1,222,74.0,1,B
392,1,5,4,1,1,76,67,67,1,1,1,210,70.0,1,B
393,1,3,0,1,0,57,54,56,1,1,1,167,56.0,1,D
394,0,3,5,1,0,65,74,77,1,1,1,216,72.0,1,B
395,1,1,2,0,1,48,45,41,1,1,1,134,45.0,1,D
396,0,2,2,0,1,50,67,63,1,1,1,180,60.0,1,C
397,0,3,0,1,1,85,89,95,1,1,1,269,90.0,1,O
398,1,2,5,1,1,74,63,57,1,1,1,194,65.0,1,C
399,1,4,5,1,1,60,59,54,1,1,1,173,58.0,1,D
400,0,3,5,1,0,59,54,67,1,1,1,180,60.0,1,C
401,1,1,4,1,1,53,43,43,1,1,1,139,47.0,1,D
402,0,1,4,0,1,49,65,55,1,1,1,169,57.0,1,D
403,0,4,2,1,0,88,99,100,1,1,1,287,96.0,1,O
404,0,3,2,1,1,54,59,62,1,1,1,175,59.0,1,D
405,0,3,5,1,1,63,73,68,1,1,1,204,68.0,1,C
406,1,2,0,1,0,65,65,63,1,1,1,193,65.0,1,C
407,0,2,0,1,1,82,80,77,1,1,1,239,80.0,1,A
408,0,4,2,0,0,52,57,56,1,1,1,165,55.0,1,D
409,1,4,0,1,0,87,84,85,1,1,1,256,86.0,1,A
410,0,4,3,1,0,70,71,74,1,1,1,215,72.0,1,B
411,1,5,4,1,0,84,83,78,1,1,1,245,82.0,1,A
412,1,4,0,1,1,71,66,60,1,1,1,197,66.0,1,C
413,1,2,5,1,0,63,67,67,1,1,1,197,66.0,1,C
414,0,3,1,0,0,51,72,79,1,1,1,202,68.0,1,C
415,1,5,2,1,1,84,73,69,1,1,1,226,76.0,1,B
416,1,3,1,1,0,71,74,68,1,1,1,213,71.0,1,B
417,1,3,0,1,1,74,73,67,1,1,1,214,72.0,1,B
418,1,4,4,1,1,68,59,62,1,1,1,189,63.0,1,C
419,1,5,2,0,0,57,56,54,1,1,1,167,56.0,1,D
420,0,3,0,0,0,82,93,93,1,1,1,268,90.0,1,O
421,0,4,2,1,0,57,58,64,1,1,1,179,60.0,1,C
422,0,4,3,0,0,47,58,67,1,1,1,172,58.0,1,D
423,0,1,5,1,0,59,85,80,1,1,1,224,75.0,1,B
424,1,2,4,0,1,41,39,34,1,0,0,114,38.0,0,E
425,0,3,4,0,1,62,67,62,1,1,1,191,64.0,1,C
426,1,3,1,1,1,86,83,86,1,1,1,255,85.0,1,A
427,1,3,5,0,1,69,71,65,1,1,1,205,69.0,1,C
428,1,1,5,0,1,65,59,53,1,1,1,177,59.0,1,D
429,1,3,5,0,1,68,63,54,1,1,1,185,62.0,1,C
430,1,3,0,0,1,64,66,59,1,1,1,189,63.0,1,C
431,0,3,2,1,1,61,72,70,1,1,1,203,68.0,1,C
432,1,3,2,1,1,61,56,55,1,1,1,172,58.0,1,D
433,0,1,5,0,1,47,59,50,1,1,1,156,52.0,1,D
434,1,3,5,1,1,73,66,66,1,1,1,205,69.0,1,C
435,1,3,4,0,0,50,48,53,1,1,1,151,51.0,1,D
436,1,4,0,1,1,75,68,64,1,1,1,207,69.0,1,C
437,1,4,0,0,1,75,66,73,1,1,1,214,72.0,1,B
438,1,3,2,1,1,70,56,51,1,1,1,177,59.0,1,D
439,1,4,5,1,0,89,88,82,1,1,1,259,87.0,1,A
440,0,3,4,1,0,67,81,79,1,1,1,227,76.0,1,B
441,0,4,2,1,1,78,81,80,1,1,1,239,80.0,1,A
442,0,1,5,0,1,59,73,69,1,1,1,201,67.0,1,C
443,0,2,0,1,1,73,83,76,1,1,1,232,78.0,1,B
444,1,1,5,0,1,79,82,73,1,1,1,234,78.0,1,B
445,0,3,5,1,0,67,74,77,1,1,1,218,73.0,1,B
446,1,4,4,0,1,69,66,60,1,1,1,195,65.0,1,C
447,1,3,2,1,0,86,81,80,1,1,1,247,83.0,1,A
448,1,2,2,1,1,47,46,42,1,1,1,135,45.0,1,D
449,1,2,0,1,1,81,73,72,1,1,1,226,76.0,1,B
450,0,3,4,0,0,64,85,85,1,1,1,234,78.0,1,B
451,0,5,4,1,1,100,92,97,1,1,1,289,97.0,1,O
452,0,3,0,0,1,65,77,74,1,1,1,216,72.0,1,B
453,1,3,4,0,1,65,58,49,1,1,1,172,58.0,1,D
454,0,3,0,0,1,53,61,62,1,1,1,176,59.0,1,D
455,1,3,1,0,1,37,56,47,0,1,1,140,47.0,0,E
456,0,4,1,1,1,79,89,89,1,1,1,257,86.0,1,A
457,1,4,0,0,1,53,54,48,1,1,1,155,52.0,1,D
458,0,5,1,1,1,100,100,100,1,1,1,300,100.0,1,O
459,1,2,2,1,0,72,65,68,1,1,1,205,69.0,1,C
460,1,3,1,0,1,53,58,55,1,1,1,166,56.0,1,D
461,1,2,4,0,1,54,54,45,1,1,1,153,51.0,1,D
462,0,5,4,1,1,71,70,76,1,1,1,217,73.0,1,B
463,0,3,4,0,1,77,90,91,1,1,1,258,86.0,1,A
464,1,1,1,1,0,75,58,62,1,1,1,195,65.0,1,C
465,0,3,4,1,1,84,87,91,1,1,1,262,88.0,1,A
466,0,4,0,0,1,26,31,38,0,0,0,95,32.0,0,E
467,1,1,2,0,0,72,67,65,1,1,1,204,68.0,1,C
468,0,1,2,0,0,77,88,85,1,1,1,250,84.0,1,A
469,1,3,4,1,1,91,74,76,1,1,1,241,81.0,1,A
470,0,3,0,1,0,83,85,90,1,1,1,258,86.0,1,A
471,0,3,2,1,1,63,69,74,1,1,1,206,69.0,1,C
472,0,3,0,1,0,68,86,84,1,1,1,238,80.0,1,A
473,0,4,5,1,1,59,67,61,1,1,1,187,63.0,1,C
474,0,2,0,1,0,90,90,91,1,1,1,271,91.0,1,O
475,0,4,1,1,0,71,76,83,1,1,1,230,77.0,1,B
476,1,5,1,1,0,76,62,66,1,1,1,204,68.0,1,C
477,1,4,0,1,1,80,68,72,1,1,1,220,74.0,1,B
478,0,4,3,1,1,55,64,70,1,1,1,189,63.0,1,C
479,1,5,0,1,1,76,71,67,1,1,1,214,72.0,1,B
480,1,2,2,1,0,73,71,68,1,1,1,212,71.0,1,B
481,0,4,0,0,1,52,59,56,1,1,1,167,56.0,1,D
482,1,3,4,0,1,68,68,61,1,1,1,197,66.0,1,C
483,1,1,2,1,1,59,52,46,1,1,1,157,53.0,1,D
484,0,2,0,1,1,49,52,54,1,1,1,155,52.0,1,D
485,1,3,2,1,1,70,74,71,1,1,1,215,72.0,1,B
486,1,4,4,0,1,61,47,56,1,1,1,164,55.0,1,D
487,0,3,0,0,1,60,75,74,1,1,1,209,70.0,1,B
488,1,2,5,1,0,64,53,57,1,1,1,174,58.0,1,D
489,1,1,0,0,0,79,82,82,1,1,1,243,81.0,1,A
490,0,1,0,0,1,65,85,76,1,1,1,226,76.0,1,B
491,0,3,0,1,1,64,64,70,1,1,1,198,66.0,1,C
492,0,3,4,1,1,83,83,90,1,1,1,256,86.0,1,A
493,0,3,1,1,1,81,88,90,1,1,1,259,87.0,1,A
494,0,2,2,1,1,54,64,68,1,1,1,186,62.0,1,C
495,1,4,2,1,0,68,64,66,1,1,1,198,66.0,1,C
496,0,3,4,1,1,54,48,52,1,1,1,154,52.0,1,D
497,0,4,4,0,0,59,78,76,1,1,1,213,71.0,1,B
498,0,2,5,1,1,66,69,68,1,1,1,203,68.0,1,C
499,1,5,4,1,1,76,71,72,1,1,1,219,73.0,1,B
500,0,4,3,1,1,74,79,82,1,1,1,235,79.0,1,B
501,0,2,0,1,0,94,87,92,1,1,1,273,91.0,1,O
502,1,3,4,0,1,63,61,54,1,1,1,178,60.0,1,C
503,0,5,0,1,0,95,89,92,1,1,1,276,92.0,1,O
504,0,4,3,0,1,40,59,54,1,1,1,153,51.0,1,D
505,0,2,5,1,1,82,82,80,1,1,1,244,82.0,1,A
506,1,1,2,1,1,68,70,66,1,1,1,204,68.0,1,C
507,1,2,1,0,1,55,59,54,1,1,1,168,56.0,1,D
508,1,3,3,1,1,79,78,77,1,1,1,234,78.0,1,B
509,0,3,1,1,1,86,92,87,1,1,1,265,89.0,1,A
510,1,4,4,1,1,76,71,73,1,1,1,220,74.0,1,B
511,1,1,5,1,1,64,50,43,1,1,1,157,53.0,1,D
512,1,4,5,0,1,62,49,52,1,1,1,163,55.0,1,D
513,0,2,5,1,0,54,61,62,1,1,1,177,59.0,1,D
514,0,2,3,0,0,77,97,94,1,1,1,268,90.0,1,O
515,0,3,5,1,0,76,87,85,1,1,1,248,83.0,1,A
516,0,4,4,1,1,74,89,84,1,1,1,247,83.0,1,A
517,0,5,4,1,0,66,74,73,1,1,1,213,71.0,1,B
518,0,4,5,1,0,66,78,78,1,1,1,222,74.0,1,B
519,0,2,2,0,0,67,78,79,1,1,1,224,75.0,1,B
520,1,4,4,1,1,71,49,52,1,1,1,172,58.0,1,D
521,0,3,0,1,1,91,86,84,1,1,1,261,87.0,1,A
522,1,4,1,1,1,69,58,57,1,1,1,184,62.0,1,C
523,1,3,3,0,1,54,59,50,1,1,1,163,55.0,1,D
524,1,3,2,1,0,53,52,49,1,1,1,154,52.0,1,D
525,1,5,4,1,1,68,60,59,1,1,1,187,63.0,1,C
526,1,3,5,0,0,56,61,60,1,1,1,177,59.0,1,D
527,0,3,2,0,1,36,53,43,0,1,1,132,44.0,0,E
528,0,4,1,0,1,29,41,47,0,1,1,117,39.0,0,E
529,0,3,0,1,1,62,74,70,1,1,1,206,69.0,1,C
530,0,3,0,1,0,68,67,73,1,1,1,208,70.0,1,B
531,0,3,5,1,1,47,54,53,1,1,1,154,52.0,1,D
532,1,5,0,1,0,62,61,58,1,1,1,181,61.0,1,C
533,0,5,0,1,0,79,88,94,1,1,1,261,87.0,1,A
534,1,2,2,1,0,73,69,68,1,1,1,210,70.0,1,B
535,0,3,1,0,0,66,83,83,1,1,1,232,78.0,1,B
536,1,3,0,1,0,51,60,58,1,1,1,169,57.0,1,D
537,0,4,2,1,1,51,66,62,1,1,1,179,60.0,1,C
538,1,5,1,1,0,85,66,71,1,1,1,222,74.0,1,B
539,1,1,0,1,0,97,92,86,1,1,1,275,92.0,1,O
540,1,3,2,1,0,75,69,68,1,1,1,212,71.0,1,B
541,1,4,0,0,0,79,82,80,1,1,1,241,81.0,1,A
542,0,3,0,1,1,81,77,79,1,1,1,237,79.0,1,B
543,0,4,0,1,1,82,95,89,1,1,1,266,89.0,1,A
544,0,4,3,1,1,64,63,66,1,1,1,193,65.0,1,C
545,1,5,5,0,0,78,83,80,1,1,1,241,81.0,1,A
546,0,1,5,1,0,92,100,97,1,1,1,289,97.0,1,O
547,1,3,2,1,0,72,67,64,1,1,1,203,68.0,1,C
548,0,3,2,0,1,62,67,64,1,1,1,193,65.0,1,C
549,1,3,3,1,1,79,72,69,1,1,1,220,74.0,1,B
550,1,3,5,0,1,79,76,65,1,1,1,220,74.0,1,B
551,1,2,1,0,0,87,90,88,1,1,1,265,89.0,1,A
552,0,2,0,1,1,40,48,50,1,1,1,138,46.0,1,D
553,1,4,4,0,1,77,62,64,1,1,1,203,68.0,1,C
554,1,5,0,1,1,53,45,40,1,1,1,138,46.0,1,D
555,0,3,4,0,1,32,39,33,0,0,0,104,35.0,0,E
556,0,3,0,1,0,55,72,79,1,1,1,206,69.0,1,C
557,1,3,3,0,1,61,67,66,1,1,1,194,65.0,1,C
558,0,2,0,0,1,53,70,70,1,1,1,193,65.0,1,C
559,1,4,5,1,1,73,66,62,1,1,1,201,67.0,1,C
560,0,4,4,1,0,74,75,79,1,1,1,228,76.0,1,B
561,0,3,4,1,1,63,74,74,1,1,1,211,71.0,1,B
562,1,3,1,1,0,96,90,92,1,1,1,278,93.0,1,O
563,0,4,4,0,0,63,80,80,1,1,1,223,75.0,1,B
564,1,2,1,0,1,48,51,46,1,1,1,145,49.0,1,D
565,1,2,0,1,1,48,43,45,1,1,1,136,46.0,1,D
566,0,5,1,0,0,92,100,100,1,1,1,292,98.0,1,O
567,0,4,3,0,0,61,71,78,1,1,1,210,70.0,1,B
568,1,2,2,0,1,63,48,47,1,1,1,158,53.0,1,D
569,1,4,1,0,1,68,68,67,1,1,1,203,68.0,1,C
570,1,2,4,1,0,71,75,70,1,1,1,216,72.0,1,B
571,1,1,1,1,1,91,96,92,1,1,1,279,93.0,1,O
572,0,3,4,1,1,53,62,56,1,1,1,171,57.0,1,D
573,0,3,2,0,0,50,66,64,1,1,1,180,60.0,1,C
574,0,5,2,1,1,74,81,71,1,1,1,226,76.0,1,B
575,1,1,0,0,0,40,55,53,1,1,1,148,50.0,1,D
576,1,1,4,1,0,61,51,52,1,1,1,164,55.0,1,D
577,0,2,2,1,1,81,91,89,1,1,1,261,87.0,1,A
578,0,2,4,0,0,48,56,58,1,1,1,162,54.0,1,D
579,0,4,3,1,1,53,61,68,1,1,1,182,61.0,1,C
580,0,4,5,1,1,81,97,96,1,1,1,274,92.0,1,O
581,0,5,5,1,1,77,79,80,1,1,1,236,79.0,1,B
582,0,4,1,0,1,63,73,78,1,1,1,214,72.0,1,B
583,0,4,0,1,0,73,75,80,1,1,1,228,76.0,1,B
584,0,4,4,1,1,69,77,77,1,1,1,223,75.0,1,B
585,0,3,0,1,1,65,76,76,1,1,1,217,73.0,1,B
586,0,1,2,1,1,55,73,73,1,1,1,201,67.0,1,C
587,0,3,1,0,1,44,63,62,1,1,1,169,57.0,1,D
588,0,3,4,1,1,54,64,65,1,1,1,183,61.0,1,C
589,0,1,5,1,1,48,66,65,1,1,1,179,60.0,1,C
590,1,3,4,0,1,58,57,54,1,1,1,169,57.0,1,D
591,1,1,5,1,1,71,62,50,1,1,1,183,61.0,1,C
592,1,5,1,1,1,68,68,64,1,1,1,200,67.0,1,C
593,0,5,2,1,1,74,76,73,1,1,1,223,75.0,1,B
594,0,3,1,1,0,92,100,99,1,1,1,291,97.0,1,O
595,0,3,1,1,0,56,79,72,1,1,1,207,69.0,1,C
596,1,2,2,0,1,30,24,15,0,0,0,69,23.0,0,E
597,1,1,5,1,1,53,54,48,1,1,1,155,52.0,1,D
598,0,4,2,1,1,69,77,73,1,1,1,219,73.0,1,B
599,0,4,5,1,1,65,82,81,1,1,1,228,76.0,1,B
600,0,4,3,1,1,54,60,63,1,1,1,177,59.0,1,D
601,0,3,2,1,1,29,29,30,0,0,0,88,30.0,0,E
602,0,5,4,1,1,76,78,80,1,1,1,234,78.0,1,B
603,1,4,2,0,1,60,57,51,1,1,1,168,56.0,1,D
604,1,4,3,0,0,84,89,90,1,1,1,263,88.0,1,A
605,1,3,5,1,1,75,72,62,1,1,1,209,70.0,1,B
606,0,3,0,1,1,85,84,82,1,1,1,251,84.0,1,A
607,0,3,3,0,1,40,58,54,1,1,1,152,51.0,1,D
608,0,5,4,1,1,61,64,62,1,1,1,187,63.0,1,C
609,0,2,0,1,1,58,63,65,1,1,1,186,62.0,1,C
610,1,4,4,0,0,69,60,63,1,1,1,192,64.0,1,C
611,0,3,4,1,1,58,59,66,1,1,1,183,61.0,1,C
612,1,3,1,1,0,94,90,91,1,1,1,275,92.0,1,O
613,0,3,0,1,1,65,77,74,1,1,1,216,72.0,1,B
614,0,1,0,1,1,82,93,93,1,1,1,268,90.0,1,O
615,0,3,2,1,1,60,68,72,1,1,1,200,67.0,1,C
616,0,5,1,1,1,37,45,38,0,1,0,120,40.0,0,E
617,1,4,1,1,1,88,78,83,1,1,1,249,83.0,1,A
618,1,4,3,1,1,95,81,84,1,1,1,260,87.0,1,A
619,1,3,0,0,0,65,73,68,1,1,1,206,69.0,1,C
620,0,3,2,0,1,35,61,54,0,1,1,150,50.0,0,E
621,1,2,1,0,1,62,63,56,1,1,1,181,61.0,1,C
622,1,3,2,0,0,58,51,52,1,1,1,161,54.0,1,D
623,1,1,4,1,0,100,96,86,1,1,1,282,94.0,1,O
624,0,5,1,0,1,61,58,62,1,1,1,181,61.0,1,C
625,1,4,4,1,0,100,97,99,1,1,1,296,99.0,1,O
626,1,2,0,0,0,69,70,63,1,1,1,202,68.0,1,C
627,1,4,0,1,1,61,48,46,1,1,1,155,52.0,1,D
628,1,4,4,0,1,49,57,46,1,1,1,152,51.0,1,D
629,0,3,5,1,0,44,51,55,1,1,1,150,50.0,1,D
630,1,4,4,1,1,67,64,70,1,1,1,201,67.0,1,C
631,1,2,2,1,1,79,60,65,1,1,1,204,68.0,1,C
632,0,2,1,1,0,66,74,81,1,1,1,221,74.0,1,B
633,0,3,2,1,1,75,88,85,1,1,1,248,83.0,1,A
634,1,4,5,1,1,84,84,80,1,1,1,248,83.0,1,A
635,1,1,2,1,1,71,74,64,1,1,1,209,70.0,1,B
636,0,2,2,0,0,67,80,81,1,1,1,228,76.0,1,B
637,0,4,5,1,0,80,92,88,1,1,1,260,87.0,1,A
638,1,5,4,1,1,86,76,74,1,1,1,236,79.0,1,B
639,0,4,0,1,1,76,74,73,1,1,1,223,75.0,1,B
640,1,4,2,1,1,41,52,51,1,1,1,144,48.0,1,D
641,0,4,0,0,0,74,88,90,1,1,1,252,84.0,1,A
642,0,2,5,0,1,72,81,79,1,1,1,232,78.0,1,B
643,0,5,2,1,0,74,79,80,1,1,1,233,78.0,1,B
644,1,2,2,1,1,70,65,60,1,1,1,195,65.0,1,C
645,0,2,1,1,0,65,81,81,1,1,1,227,76.0,1,B
646,0,4,0,1,1,59,70,65,1,1,1,194,65.0,1,C
647,0,5,2,0,1,64,62,68,1,1,1,194,65.0,1,C
648,0,2,2,1,1,50,53,55,1,1,1,158,53.0,1,D
649,0,4,4,1,0,69,79,81,1,1,1,229,77.0,1,B
650,1,3,5,0,0,51,56,53,1,1,1,160,54.0,1,D
651,0,1,2,1,0,68,80,76,1,1,1,224,75.0,1,B
652,0,4,4,1,0,85,86,98,1,1,1,269,90.0,1,O
653,0,1,0,1,0,65,70,74,1,1,1,209,70.0,1,B
654,0,2,5,1,1,73,79,79,1,1,1,231,77.0,1,B
655,0,2,4,1,1,62,67,67,1,1,1,196,66.0,1,C
656,1,3,0,0,1,77,67,64,1,1,1,208,70.0,1,B
657,1,4,5,1,1,69,66,61,1,1,1,196,66.0,1,C
658,0,4,0,0,1,43,60,58,1,1,1,161,54.0,1,D
659,1,4,0,1,1,90,87,85,1,1,1,262,88.0,1,A
660,1,3,4,0,1,74,77,73,1,1,1,224,75.0,1,B
661,1,3,5,1,1,73,66,63,1,1,1,202,68.0,1,C
662,0,4,4,0,1,55,71,69,1,1,1,195,65.0,1,C
663,0,3,2,1,1,65,69,67,1,1,1,201,67.0,1,C
664,1,4,0,1,1,80,63,63,1,1,1,206,69.0,1,C
665,0,3,5,0,0,50,60,60,1,1,1,170,57.0,1,D
666,0,3,4,0,0,63,73,71,1,1,1,207,69.0,1,C
667,0,2,1,0,1,77,85,87,1,1,1,249,83.0,1,A
668,1,3,4,1,1,73,74,61,1,1,1,208,70.0,1,B
669,1,4,0,1,0,81,72,77,1,1,1,230,77.0,1,B
670,0,3,2,0,1,66,76,68,1,1,1,210,70.0,1,B
671,1,4,0,0,1,52,57,50,1,1,1,159,53.0,1,D
672,0,3,4,1,1,69,78,76,1,1,1,223,75.0,1,B
673,0,3,0,1,0,65,84,84,1,1,1,233,78.0,1,B
674,0,4,2,1,0,69,77,78,1,1,1,224,75.0,1,B
675,0,2,4,1,0,50,64,66,1,1,1,180,60.0,1,C
676,0,5,4,1,0,73,78,76,1,1,1,227,76.0,1,B
677,0,3,5,1,0,70,82,76,1,1,1,228,76.0,1,B
678,1,4,0,0,1,81,75,78,1,1,1,234,78.0,1,B
679,1,4,4,0,1,63,61,60,1,1,1,184,62.0,1,C
680,0,4,2,1,1,67,72,74,1,1,1,213,71.0,1,B
681,1,2,2,1,1,60,68,60,1,1,1,188,63.0,1,C
682,1,2,2,1,1,62,55,54,1,1,1,171,57.0,1,D
683,0,3,5,0,0,29,40,44,0,1,1,113,38.0,0,E
684,1,2,4,1,0,62,66,68,1,1,1,196,66.0,1,C
685,0,5,3,1,0,94,99,100,1,1,1,293,98.0,1,O
686,1,5,4,1,0,85,75,68,1,1,1,228,76.0,1,B
687,1,4,0,0,1,77,78,73,1,1,1,228,76.0,1,B
688,1,1,2,0,1,53,58,44,1,1,1,155,52.0,1,D
689,1,5,4,0,1,93,90,83,1,1,1,266,89.0,1,A
690,0,3,0,1,1,49,53,53,1,1,1,155,52.0,1,D
691,0,5,0,0,1,73,76,78,1,1,1,227,76.0,1,B
692,0,3,1,0,0,66,74,81,1,1,1,221,74.0,1,B
693,0,4,0,1,1,77,77,73,1,1,1,227,76.0,1,B
694,0,3,5,1,1,49,63,56,1,1,1,168,56.0,1,D
695,0,4,4,0,1,79,89,86,1,1,1,254,85.0,1,A
696,0,3,0,1,0,75,82,90,1,1,1,247,83.0,1,A
697,0,1,1,1,1,59,72,70,1,1,1,201,67.0,1,C
698,0,4,0,1,0,57,78,79,1,1,1,214,72.0,1,B
699,1,3,2,0,1,66,66,59,1,1,1,191,64.0,1,C
700,0,5,1,1,0,79,81,82,1,1,1,242,81.0,1,A
701,0,2,5,1,1,57,67,72,1,1,1,196,66.0,1,C
702,1,1,1,1,0,87,84,87,1,1,1,258,86.0,1,A
703,0,4,4,1,1,63,64,67,1,1,1,194,65.0,1,C
704,0,2,5,0,0,59,63,64,1,1,1,186,62.0,1,C
705,1,1,1,0,1,62,72,65,1,1,1,199,67.0,1,C
706,1,4,2,1,1,46,34,36,1,0,0,116,39.0,0,E
707,1,3,4,1,1,66,59,52,1,1,1,177,59.0,1,D
708,1,4,2,1,1,89,87,79,1,1,1,255,85.0,1,A
709,0,4,0,0,0,42,61,58,1,1,1,161,54.0,1,D
710,1,3,4,1,0,93,84,90,1,1,1,267,89.0,1,A
711,0,5,5,1,0,80,85,85,1,1,1,250,84.0,1,A
712,0,4,4,1,1,98,100,99,1,1,1,297,99.0,1,O
713,1,4,3,1,1,81,81,84,1,1,1,246,82.0,1,A
714,0,2,5,1,0,60,70,74,1,1,1,204,68.0,1,C
715,0,2,0,0,0,76,94,87,1,1,1,257,86.0,1,A
716,1,3,0,1,0,73,78,72,1,1,1,223,75.0,1,B
717,0,3,0,1,0,96,96,99,1,1,1,291,97.0,1,O
718,0,3,2,1,1,76,76,74,1,1,1,226,76.0,1,B
719,1,5,0,0,0,91,73,80,1,1,1,244,82.0,1,A
720,0,3,4,0,1,62,72,70,1,1,1,204,68.0,1,C
721,1,4,5,0,0,55,59,59,1,1,1,173,58.0,1,D
722,0,2,5,0,0,74,90,88,1,1,1,252,84.0,1,A
723,1,3,2,1,1,50,48,42,1,1,1,140,47.0,1,D
724,1,2,4,1,1,47,43,41,1,1,1,131,44.0,1,D
725,1,5,4,1,0,81,74,71,1,1,1,226,76.0,1,B
726,0,5,0,1,0,65,75,77,1,1,1,217,73.0,1,B
727,1,5,5,1,0,68,51,57,1,1,1,176,59.0,1,D
728,0,4,2,0,1,73,92,84,1,1,1,249,83.0,1,A
729,1,3,4,1,1,53,39,37,1,0,0,129,43.0,0,E
730,0,2,0,0,0,68,77,80,1,1,1,225,75.0,1,B
731,1,1,5,0,1,55,46,43,1,1,1,144,48.0,1,D
732,0,3,4,1,0,87,89,94,1,1,1,270,90.0,1,O
733,1,4,5,1,1,55,47,44,1,1,1,146,49.0,1,D
734,0,5,4,0,1,53,58,57,1,1,1,168,56.0,1,D
735,1,3,3,1,1,67,57,59,1,1,1,183,61.0,1,C
736,1,3,0,1,1,92,79,84,1,1,1,255,85.0,1,A
737,0,2,4,0,0,53,66,73,1,1,1,192,64.0,1,C
738,1,4,0,1,1,81,71,73,1,1,1,225,75.0,1,B
739,1,3,2,0,1,61,60,55,1,1,1,176,59.0,1,D
740,1,4,1,1,1,80,73,72,1,1,1,225,75.0,1,B
741,0,1,0,0,1,37,57,56,0,1,1,150,50.0,0,E
742,0,3,2,1,1,81,84,82,1,1,1,247,83.0,1,A
743,0,3,0,1,0,59,73,72,1,1,1,204,68.0,1,C
744,1,2,4,0,1,55,55,47,1,1,1,157,53.0,1,D
745,1,4,0,1,1,72,79,74,1,1,1,225,75.0,1,B
746,1,4,2,1,1,69,75,71,1,1,1,215,72.0,1,B
747,1,3,4,1,1,69,64,68,1,1,1,201,67.0,1,C
748,0,3,1,0,1,50,60,59,1,1,1,169,57.0,1,D
749,1,2,4,1,0,87,84,86,1,1,1,257,86.0,1,A
750,1,4,5,1,0,71,69,68,1,1,1,208,70.0,1,B
751,1,5,4,1,1,68,72,65,1,1,1,205,69.0,1,C
752,1,3,3,0,0,79,77,75,1,1,1,231,77.0,1,B
753,0,3,5,1,0,77,90,85,1,1,1,252,84.0,1,A
754,1,3,0,0,1,58,55,53,1,1,1,166,56.0,1,D
755,0,5,0,1,1,84,95,92,1,1,1,271,91.0,1,O
756,1,4,4,1,1,55,58,52,1,1,1,165,55.0,1,D
757,1,5,1,0,0,70,68,72,1,1,1,210,70.0,1,B
758,0,4,4,0,0,52,59,65,1,1,1,176,59.0,1,D
759,1,2,4,1,0,69,77,77,1,1,1,223,75.0,1,B
760,0,3,2,0,1,53,72,64,1,1,1,189,63.0,1,C
761,0,4,5,1,1,48,58,54,1,1,1,160,54.0,1,D
762,1,4,5,1,0,78,81,86,1,1,1,245,82.0,1,A
763,0,2,2,1,1,62,62,63,1,1,1,187,63.0,1,C
764,1,4,4,1,1,60,63,59,1,1,1,182,61.0,1,C
765,0,2,2,1,1,74,72,72,1,1,1,218,73.0,1,B
766,0,3,2,1,0,58,75,77,1,1,1,210,70.0,1,B
767,1,2,2,1,0,76,62,60,1,1,1,198,66.0,1,C
768,0,4,5,1,1,68,71,75,1,1,1,214,72.0,1,B
769,1,1,4,0,1,58,60,57,1,1,1,175,59.0,1,D
770,1,2,2,1,1,52,48,49,1,1,1,149,50.0,1,D
771,1,4,1,1,1,75,73,74,1,1,1,222,74.0,1,B
772,0,2,5,0,0,52,67,72,1,1,1,191,64.0,1,C
773,0,3,1,0,1,62,78,79,1,1,1,219,73.0,1,B
774,1,2,4,1,1,66,65,60,1,1,1,191,64.0,1,C
775,0,2,5,0,1,49,58,55,1,1,1,162,54.0,1,D
776,0,2,2,1,1,66,72,70,1,1,1,208,70.0,1,B
777,0,3,4,0,1,35,44,43,0,1,1,122,41.0,0,E
778,0,1,4,1,0,72,79,82,1,1,1,233,78.0,1,B
779,1,5,0,1,0,94,85,82,1,1,1,261,87.0,1,A
780,0,4,0,0,1,46,56,57,1,1,1,159,53.0,1,D
781,0,2,3,1,1,77,90,84,1,1,1,251,84.0,1,A
782,0,2,2,0,0,76,85,82,1,1,1,243,81.0,1,A
783,0,3,0,1,0,52,59,62,1,1,1,173,58.0,1,D
784,1,3,1,1,0,91,81,79,1,1,1,251,84.0,1,A
785,0,2,5,1,0,32,51,44,0,1,1,127,43.0,0,E
786,0,5,5,0,1,72,79,77,1,1,1,228,76.0,1,B
787,0,2,4,1,1,19,38,32,0,0,0,89,30.0,0,E
788,1,3,0,0,1,68,65,61,1,1,1,194,65.0,1,C
789,0,3,3,0,1,52,65,61,1,1,1,178,60.0,1,C
790,0,2,2,1,1,48,62,60,1,1,1,170,57.0,1,D
791,0,4,4,0,1,60,66,70,1,1,1,196,66.0,1,C
792,1,4,2,0,1,66,74,69,1,1,1,209,70.0,1,B
793,1,5,5,1,0,89,84,77,1,1,1,250,84.0,1,A
794,0,2,2,1,1,42,52,51,1,1,1,145,49.0,1,D
795,0,5,0,0,0,57,68,73,1,1,1,198,66.0,1,C
796,1,4,2,1,1,70,70,70,1,1,1,210,70.0,1,B
797,0,5,0,0,1,70,84,81,1,1,1,235,79.0,1,B
798,1,5,4,1,1,69,60,54,1,1,1,183,61.0,1,C
799,0,3,0,1,1,52,55,57,1,1,1,164,55.0,1,D
800,1,3,5,1,0,67,73,68,1,1,1,208,70.0,1,B
801,1,3,5,1,0,76,80,73,1,1,1,229,77.0,1,B
802,0,5,0,1,1,87,94,95,1,1,1,276,92.0,1,O
803,0,2,4,1,1,82,85,87,1,1,1,254,85.0,1,A
804,0,3,4,1,1,73,76,78,1,1,1,227,76.0,1,B
805,1,1,4,0,1,75,81,74,1,1,1,230,77.0,1,B
806,0,4,4,0,1,64,74,75,1,1,1,213,71.0,1,B
807,0,5,2,0,1,41,45,40,1,1,1,126,42.0,1,D
808,1,3,2,1,1,90,75,69,1,1,1,234,78.0,1,B
809,1,2,1,1,1,59,54,51,1,1,1,164,55.0,1,D
810,1,1,5,1,1,51,31,36,1,0,0,118,40.0,0,E
811,1,1,2,0,1,45,47,49,1,1,1,141,47.0,1,D
812,0,3,3,1,0,54,64,67,1,1,1,185,62.0,1,C
813,1,5,5,1,0,87,84,76,1,1,1,247,83.0,1,A
814,0,3,2,1,1,72,80,83,1,1,1,235,79.0,1,B
815,1,2,5,1,0,94,86,87,1,1,1,267,89.0,1,A
816,0,1,1,1,1,45,59,64,1,1,1,168,56.0,1,D
817,1,4,1,0,0,61,70,76,1,1,1,207,69.0,1,C
818,0,2,2,0,1,60,72,68,1,1,1,200,67.0,1,C
819,0,3,5,1,1,77,91,88,1,1,1,256,86.0,1,A
820,0,1,5,1,0,85,90,92,1,1,1,267,89.0,1,A
821,0,4,1,0,1,78,90,93,1,1,1,261,87.0,1,A
822,1,5,4,0,0,49,52,51,1,1,1,152,51.0,1,D
823,0,2,2,0,1,71,87,82,1,1,1,240,80.0,1,A
824,0,3,5,0,1,48,58,52,1,1,1,158,53.0,1,D
825,1,3,2,1,1,62,67,58,1,1,1,187,63.0,1,C
826,0,3,0,0,0,56,68,70,1,1,1,194,65.0,1,C
827,0,3,5,1,1,65,69,76,1,1,1,210,70.0,1,B
828,0,4,5,0,0,69,86,81,1,1,1,236,79.0,1,B
829,1,2,5,1,1,68,54,53,1,1,1,175,59.0,1,D
830,0,1,4,0,1,61,60,57,1,1,1,178,60.0,1,C
831,0,3,1,0,0,74,86,89,1,1,1,249,83.0,1,A
832,1,1,1,1,1,64,60,58,1,1,1,182,61.0,1,C
833,0,2,2,1,0,77,82,89,1,1,1,248,83.0,1,A
834,1,2,4,1,1,58,50,45,1,1,1,153,51.0,1,D
835,0,3,2,1,0,60,64,74,1,1,1,198,66.0,1,C
836,1,5,2,1,1,73,64,57,1,1,1,194,65.0,1,C
837,0,1,2,1,0,75,82,79,1,1,1,236,79.0,1,B
838,1,2,0,0,0,58,57,53,1,1,1,168,56.0,1,D
839,0,3,0,1,1,66,77,73,1,1,1,216,72.0,1,B
840,0,4,2,0,1,39,52,46,0,1,1,137,46.0,0,E
841,1,3,5,1,1,64,58,51,1,1,1,173,58.0,1,D
842,0,2,2,0,0,23,44,36,0,1,0,103,35.0,0,E
843,1,2,4,0,0,74,77,76,1,1,1,227,76.0,1,B
844,0,4,5,0,0,40,65,64,1,1,1,169,57.0,1,D
845,1,5,3,1,1,90,85,84,1,1,1,259,87.0,1,A
846,1,3,3,1,0,91,85,85,1,1,1,261,87.0,1,A
847,1,4,2,1,1,64,54,50,1,1,1,168,56.0,1,D
848,0,3,2,1,1,59,72,68,1,1,1,199,67.0,1,C
849,1,4,0,1,1,80,75,69,1,1,1,224,75.0,1,B
850,1,3,3,1,1,71,67,67,1,1,1,205,69.0,1,C
851,0,1,2,1,1,61,68,63,1,1,1,192,64.0,1,C
852,0,5,4,1,1,87,85,93,1,1,1,265,89.0,1,A
853,1,5,5,1,1,82,67,61,1,1,1,210,70.0,1,B
854,1,3,5,1,1,62,64,55,1,1,1,181,61.0,1,C
855,0,2,1,1,1,97,97,96,1,1,1,290,97.0,1,O
856,1,2,4,0,1,75,68,65,1,1,1,208,70.0,1,B
857,0,3,1,1,1,65,79,81,1,1,1,225,75.0,1,B
858,1,2,2,1,0,52,49,46,1,1,1,147,49.0,1,D
859,1,3,0,0,1,87,73,72,1,1,1,232,78.0,1,B
860,0,3,0,1,1,53,62,53,1,1,1,168,56.0,1,D
861,0,5,3,0,1,81,86,87,1,1,1,254,85.0,1,A
862,1,4,1,0,0,39,42,38,0,1,0,119,40.0,0,E
863,0,3,4,1,0,71,71,80,1,1,1,222,74.0,1,B
864,1,3,0,1,1,97,93,91,1,1,1,281,94.0,1,O
865,1,4,4,1,0,82,82,88,1,1,1,252,84.0,1,A
866,1,3,2,0,1,59,53,52,1,1,1,164,55.0,1,D
867,1,2,0,1,1,61,42,41,1,1,1,144,48.0,1,D
868,1,5,0,0,0,78,74,72,1,1,1,224,75.0,1,B
869,1,3,0,0,1,49,51,51,1,1,1,151,51.0,1,D
870,1,2,2,1,1,59,58,47,1,1,1,164,55.0,1,D
871,0,3,4,1,0,70,72,76,1,1,1,218,73.0,1,B
872,1,2,0,1,0,82,84,78,1,1,1,244,82.0,1,A
873,1,5,0,0,1,90,90,82,1,1,1,262,88.0,1,A
874,0,3,1,0,1,43,62,61,1,1,1,166,56.0,1,D
875,1,3,4,0,1,80,64,66,1,1,1,210,70.0,1,B
876,1,4,4,1,1,81,82,84,1,1,1,247,83.0,1,A
877,1,3,5,1,1,57,61,54,1,1,1,172,58.0,1,D
878,0,4,5,1,1,59,72,80,1,1,1,211,71.0,1,B
879,0,4,0,1,1,64,76,74,1,1,1,214,72.0,1,B
880,1,3,1,1,0,63,64,66,1,1,1,193,65.0,1,C
881,0,5,1,1,0,71,70,70,1,1,1,211,71.0,1,B
882,0,2,2,0,1,64,73,71,1,1,1,208,70.0,1,B
883,1,4,1,0,1,55,46,44,1,1,1,145,49.0,1,D
884,0,5,0,1,1,51,51,54,1,1,1,156,52.0,1,D
885,0,3,0,1,0,62,76,80,1,1,1,218,73.0,1,B
886,0,5,0,1,0,93,100,95,1,1,1,288,96.0,1,O
887,1,3,2,0,1,54,72,59,1,1,1,185,62.0,1,C
888,0,4,4,0,1,69,65,74,1,1,1,208,70.0,1,B
889,1,4,2,0,1,44,51,48,1,1,1,143,48.0,1,D
890,0,5,4,1,0,86,85,91,1,1,1,262,88.0,1,A
891,0,5,0,1,1,85,92,85,1,1,1,262,88.0,1,A
892,0,1,3,0,1,50,67,73,1,1,1,190,64.0,1,C
893,1,4,5,1,0,88,74,75,1,1,1,237,79.0,1,B
894,0,5,0,1,1,59,62,69,1,1,1,190,64.0,1,C
895,0,5,5,0,1,32,34,38,0,0,0,104,35.0,0,E
896,1,2,2,0,1,36,29,27,0,0,0,92,31.0,0,E
897,0,2,5,0,0,63,78,79,1,1,1,220,74.0,1,B
898,1,4,0,1,0,67,54,63,1,1,1,184,62.0,1,C
899,0,4,5,1,0,65,78,82,1,1,1,225,75.0,1,B
900,1,4,3,1,1,85,84,89,1,1,1,258,86.0,1,A
901,0,3,3,1,1,73,78,74,1,1,1,225,75.0,1,B
902,0,1,2,0,0,34,48,41,0,1,1,123,41.0,0,E
903,0,4,1,0,0,93,100,100,1,1,1,293,98.0,1,O
904,0,4,5,0,1,67,84,84,1,1,1,235,79.0,1,B
905,1,4,4,1,1,88,77,77,1,1,1,242,81.0,1,A
906,1,2,2,1,1,57,48,51,1,1,1,156,52.0,1,D
907,0,4,4,1,0,79,84,91,1,1,1,254,85.0,1,A
908,0,3,1,0,1,67,75,72,1,1,1,214,72.0,1,B
909,1,5,1,1,0,70,64,70,1,1,1,204,68.0,1,C
910,1,4,1,0,1,50,42,48,1,1,1,140,47.0,1,D
911,0,1,4,1,1,69,84,82,1,1,1,235,79.0,1,B
912,0,3,1,1,0,52,61,66,1,1,1,179,60.0,1,C
913,0,3,1,0,0,47,62,66,1,1,1,175,59.0,1,D
914,0,2,0,0,1,46,61,55,1,1,1,162,54.0,1,D
915,0,5,4,1,1,68,70,66,1,1,1,204,68.0,1,C
916,1,5,1,1,0,100,100,100,1,1,1,300,100.0,1,O
917,0,3,2,1,1,44,61,52,1,1,1,157,53.0,1,D
918,0,3,0,1,0,57,77,80,1,1,1,214,72.0,1,B
919,1,2,4,1,0,91,96,91,1,1,1,278,93.0,1,O
920,1,4,2,0,1,69,70,67,1,1,1,206,69.0,1,C
921,0,3,2,0,1,35,53,46,0,1,1,134,45.0,0,E
922,1,4,2,1,1,72,66,66,1,1,1,204,68.0,1,C
923,0,2,0,0,1,54,65,65,1,1,1,184,62.0,1,C
924,1,4,2,0,1,74,70,69,1,1,1,213,71.0,1,B
925,1,5,5,1,0,74,64,60,1,1,1,198,66.0,1,C
926,1,5,0,0,1,64,56,52,1,1,1,172,58.0,1,D
927,0,4,2,0,0,65,61,71,1,1,1,197,66.0,1,C
928,1,5,0,0,0,46,43,44,1,1,1,133,45.0,1,D
929,0,3,5,0,1,48,56,51,1,1,1,155,52.0,1,D
930,1,3,4,0,0,67,74,70,1,1,1,211,71.0,1,B
931,1,4,4,0,1,62,57,62,1,1,1,181,61.0,1,C
932,1,4,0,0,0,61,71,73,1,1,1,205,69.0,1,C
933,1,3,1,0,0,70,75,74,1,1,1,219,73.0,1,B
934,1,3,0,1,0,98,87,90,1,1,1,275,92.0,1,O
935,1,4,4,0,1,70,63,58,1,1,1,191,64.0,1,C
936,1,1,0,1,1,67,57,53,1,1,1,177,59.0,1,D
937,0,5,2,0,1,57,58,57,1,1,1,172,58.0,1,D
938,1,4,4,1,0,85,81,85,1,1,1,251,84.0,1,A
939,1,4,5,1,0,77,68,69,1,1,1,214,72.0,1,B
940,1,3,3,0,0,72,66,72,1,1,1,210,70.0,1,B
941,0,4,3,1,1,78,91,96,1,1,1,265,89.0,1,A
942,1,3,2,1,1,81,66,64,1,1,1,211,71.0,1,B
943,1,1,5,0,0,61,62,61,1,1,1,184,62.0,1,C
944,0,2,2,1,1,58,68,61,1,1,1,187,63.0,1,C
945,0,3,0,1,1,54,61,58,1,1,1,173,58.0,1,D
946,1,2,2,1,1,82,82,80,1,1,1,244,82.0,1,A
947,0,4,4,0,1,49,58,60,1,1,1,167,56.0,1,D
948,1,2,5,0,0,49,50,52,1,1,1,151,51.0,1,D
949,0,5,2,0,0,57,75,73,1,1,1,205,69.0,1,C
950,1,5,2,1,1,94,73,71,1,1,1,238,80.0,1,A
951,0,4,4,1,0,75,77,83,1,1,1,235,79.0,1,B
952,0,5,5,0,1,74,74,72,1,1,1,220,74.0,1,B
953,1,3,2,1,0,58,52,54,1,1,1,164,55.0,1,D
954,0,3,4,1,1,62,69,69,1,1,1,200,67.0,1,C
955,1,5,0,1,1,72,57,62,1,1,1,191,64.0,1,C
956,1,3,4,1,1,84,87,81,1,1,1,252,84.0,1,A
957,0,4,3,1,1,92,100,100,1,1,1,292,98.0,1,O
958,0,4,2,1,1,45,63,59,1,1,1,167,56.0,1,D
959,1,3,2,1,1,75,81,71,1,1,1,227,76.0,1,B
960,0,1,4,1,1,56,58,64,1,1,1,178,60.0,1,C
961,0,4,5,0,1,48,54,53,1,1,1,155,52.0,1,D
962,0,5,0,1,1,100,100,100,1,1,1,300,100.0,1,O
963,0,3,5,0,0,65,76,75,1,1,1,216,72.0,1,B
964,1,4,4,1,1,72,57,58,1,1,1,187,63.0,1,C
965,0,4,4,1,1,62,70,72,1,1,1,204,68.0,1,C
966,1,1,5,1,0,66,68,64,1,1,1,198,66.0,1,C
967,1,3,4,1,1,63,63,60,1,1,1,186,62.0,1,C
968,0,5,0,1,1,68,76,67,1,1,1,211,71.0,1,B
969,0,2,1,1,1,75,84,80,1,1,1,239,80.0,1,A
970,0,4,1,1,1,89,100,100,1,1,1,289,97.0,1,O
971,1,3,5,1,0,78,72,69,1,1,1,219,73.0,1,B
972,0,1,2,0,0,53,50,60,1,1,1,163,55.0,1,D
973,0,4,4,0,1,49,65,61,1,1,1,175,59.0,1,D
974,0,1,4,1,1,54,63,67,1,1,1,184,62.0,1,C
975,0,3,4,1,0,64,82,77,1,1,1,223,75.0,1,B
976,1,2,4,0,0,60,62,60,1,1,1,182,61.0,1,C
977,1,3,0,1,1,62,65,58,1,1,1,185,62.0,1,C
978,1,4,2,1,0,55,41,48,1,1,1,144,48.0,1,D
979,0,3,0,1,1,91,95,94,1,1,1,280,94.0,1,O
980,0,2,2,0,1,8,24,23,0,0,0,55,19.0,0,E
981,1,4,5,1,1,81,78,78,1,1,1,237,79.0,1,B
982,1,2,5,1,0,79,85,86,1,1,1,250,84.0,1,A
983,0,1,4,1,0,78,87,91,1,1,1,256,86.0,1,A
984,0,3,5,1,1,74,75,82,1,1,1,231,77.0,1,B
985,1,1,2,1,1,57,51,54,1,1,1,162,54.0,1,D
986,0,3,0,1,1,40,59,51,1,1,1,150,50.0,1,D
987,1,5,5,1,0,81,75,76,1,1,1,232,78.0,1,B
988,0,1,5,0,1,44,45,45,1,1,1,134,45.0,1,D
989,0,4,4,0,0,67,86,83,1,1,1,236,79.0,1,B
990,1,5,2,0,0,86,81,75,1,1,1,242,81.0,1,A
991,0,2,5,1,0,65,82,78,1,1,1,225,75.0,1,B
992,0,4,0,0,1,55,76,76,1,1,1,207,69.0,1,C
993,0,4,1,0,1,62,72,74,1,1,1,208,70.0,1,B
994,1,1,2,1,1,63,63,62,1,1,1,188,63.0,1,C
995,0,5,3,1,0,88,99,95,1,1,1,282,94.0,1,O
996,1,3,2,0,1,62,55,55,1,1,1,172,58.0,1,D
997,0,3,2,0,0,59,71,65,1,1,1,195,65.0,1,C
998,0,4,4,1,0,68,78,77,1,1,1,223,75.0,1,B
999,0,4,4,0,1,77,86,86,1,1,1,249,83.0,1,A
